id;at;content;opinion;post_id;account_id
2;1986-08-29T01:59:15.793182;Spring deal material.;NEUTRAL;68;90
3;2007-05-12T02:44:01.082783;Walk certain clearly organization course.;DEFAULT;31;43
4;1993-10-13T13:42:56.948254;Determine single fast probably next.;DEFAULT;61;5
5;1983-01-09T03:06:59.402391;Save so participant operation different.;NEUTRAL;52;40
6;1990-04-06T00:11:50.550241;Support star remember certainly right.;OPPOSED;63;65
7;1988-06-23T13:33:18.939618;American you direction avoid blood away the.;DEFAULT;66;41
8;2018-02-02T04:03:48.151765;Daughter campaign at same reach rich.;OPPOSED;42;76
9;1992-03-23T06:15:11.587713;Road why popular election hair live.;NEUTRAL;62;76
10;1981-06-03T19:39:40.973454;Think guess manage partner could something seek.;OPPOSED;35;19
11;2000-09-18T19:24:35.362316;Gas get like never never.;DEFAULT;35;55
12;1987-01-20T04:30:15.807983;Stuff quickly put hospital push can learn sister.;OPPOSED;74;96
13;1981-05-13T11:32:50.363432;Two recent network southern turn those tree.;DEFAULT;52;23
14;2022-04-06T21:47:12.373260;Treat yes series add pay society at.;DEFAULT;94;4
15;1982-11-20T04:13:42.411955;Democratic event identify white up range production certain.;NEUTRAL;69;90
16;1972-06-01T15:53:15.937910;Exactly computer main community.;SUPPORT;50;59
17;2020-08-26T15:08:35.157874;Individual international career see though practice.;OPPOSED;50;95
18;2005-12-30T00:33:09.510212;Order economy world politics.;DEFAULT;34;22
19;1978-10-22T16:50:45.575512;Example under too artist yard.;DEFAULT;96;63
20;2001-11-09T18:22:59.941590;Manager push quite everything.;OPPOSED;13;92
21;2022-07-13T11:45:09.589303;Threat campaign and activity.;DEFAULT;51;28
22;1983-04-13T06:01:04.399976;Perform however decide wish.;DEFAULT;26;77
23;2003-01-01T18:57:04.042192;Require lot arrive.;OPPOSED;25;83
24;2004-08-08T20:52:38.784384;Ahead attorney approach it lay.;NEUTRAL;72;45
25;1981-02-26T10:57:20.824670;Include I there should.;OPPOSED;1;24
26;1995-07-27T09:04:06.041569;Industry rule will.;OPPOSED;97;98
27;2002-03-16T12:25:20.002238;Several ball professional.;NEUTRAL;24;58
28;1986-05-16T14:26:02.778448;Fact garden hundred.;NEUTRAL;96;95
29;2009-02-26T12:17:21.830840;Realize you blue health.;DEFAULT;7;16
30;1989-07-21T10:31:40.932880;Your minute consumer need affect allow.;SUPPORT;97;59
31;2024-01-03T21:24:15.333530;Whom next control nor cultural young hair.;DEFAULT;30;81
32;1979-04-14T18:47:45.470300;Campaign interesting personal mouth.;DEFAULT;67;31
33;1987-08-13T02:18:02.568842;Soldier nature shoulder work east game.;NEUTRAL;45;6
34;1997-10-03T11:57:27.354500;Send weight become.;SUPPORT;17;67
35;2002-04-17T01:43:37.140830;Writer section of though.;OPPOSED;57;2
36;1972-02-07T20:41:32.279574;Focus audience listen apply.;SUPPORT;93;44
37;1999-06-19T16:09:55.251580;Blue fast you politics pay star.;OPPOSED;12;57
38;2007-12-09T12:45:36.058716;Actually similar go.;NEUTRAL;61;56
39;2004-07-29T00:27:33.831337;Hair down eight.;OPPOSED;87;18
40;2016-11-17T14:29:01.922170;Shoulder meet senior represent join already bank take.;NEUTRAL;65;50
41;2021-04-13T23:26:51.058854;View picture factor stand like.;NEUTRAL;34;38
42;2019-10-26T19:52:00.867281;Social hard fight pressure.;NEUTRAL;24;66
43;1991-05-16T02:40:59.970206;Push structure treat wind store ball choose.;DEFAULT;1;7
44;2023-05-08T02:58:54.452997;Compare history I.;NEUTRAL;55;72
45;1996-06-18T14:14:36.166698;See everyone way foot light training girl.;DEFAULT;47;1
46;1998-10-16T03:47:39.035008;Benefit stop game through.;SUPPORT;25;5
47;2011-12-10T12:54:49.966298;Accept feeling win degree factor.;DEFAULT;78;13
48;1980-11-07T07:54:46.278852;Pass place paper thus million whether affect.;SUPPORT;75;21
49;2007-09-20T07:58:45.062788;Sign sometimes TV.;NEUTRAL;96;9
50;1997-10-07T01:48:26.468418;Person commercial live line bill sister only.;DEFAULT;97;16
51;1974-03-03T11:44:01.182736;Manage number herself exactly check half.;OPPOSED;13;98
52;2007-11-15T07:35:04.402545;Team spring analysis Congress scientist.;DEFAULT;41;77
53;1978-05-15T00:54:46.490858;Bit box sea.;OPPOSED;51;10
54;2015-05-01T21:53:33.501145;Military most seven receive window.;OPPOSED;39;86
55;2001-04-18T20:01:00.659721;Fish loss late third air.;OPPOSED;67;13
56;2023-01-08T20:35:43.162312;Several building keep memory group type sort.;SUPPORT;90;29
57;2025-02-24T12:26:28.425632;Skill scientist class.;SUPPORT;54;99
58;1972-06-20T22:35:29.642098;Whose he letter meeting mission rather.;NEUTRAL;3;19
59;2001-07-11T15:34:50.874690;Challenge eight expect own democratic.;OPPOSED;75;18
60;2008-05-19T03:20:04.533106;Wish shake somebody bar.;OPPOSED;96;80
61;1989-08-25T23:59:35.509518;Too design black near religious development.;OPPOSED;46;58
62;2000-04-04T11:38:22.110213;Investment late base defense.;OPPOSED;20;41
63;2010-09-09T10:13:36.051085;Describe culture address good.;OPPOSED;40;28
64;2011-05-28T12:45:38.933576;Line get can magazine have.;DEFAULT;90;71
65;2004-10-21T01:42:40.385788;Upon religious carry share hotel audience brother yes.;DEFAULT;84;88
66;2024-09-27T12:29:14.835265;Site which door.;OPPOSED;25;65
67;1983-04-27T09:52:07.982323;Piece evidence people court.;OPPOSED;21;7
68;1989-08-27T05:49:49.421393;Base fly situation treat charge beautiful consider.;SUPPORT;63;81
69;2014-04-17T00:55:29.839328;Discussion government teach.;NEUTRAL;30;46
70;1993-07-15T11:51:19.366647;Rest identify agent he.;DEFAULT;36;13
71;1990-05-25T03:52:35.870945;Rest standard across detail rest.;DEFAULT;46;33
72;2001-11-05T08:16:46.148176;Mission anyone his wish late.;DEFAULT;64;56
73;1997-09-21T09:05:29.237397;Speak short whom alone check onto computer them.;DEFAULT;51;33
74;1997-10-06T00:10:24.913763;Bed argue order friend usually right score.;SUPPORT;75;57
75;2020-06-11T15:14:35.173857;Control American paper bag entire interest.;SUPPORT;1;13
76;1992-02-21T12:44:13.221992;Worker them together war consider increase first crime.;OPPOSED;87;25
77;2013-06-25T18:38:55.282208;Group answer difficult music answer keep develop compare.;SUPPORT;66;22
78;2005-06-25T18:21:59.096333;Reason fine theory husband general population enter.;DEFAULT;77;80
79;2024-03-21T15:24:39.520423;Seven along difficult similar.;SUPPORT;7;64
80;1975-03-05T13:35:36.661449;Finish cultural get international knowledge large.;NEUTRAL;58;83
81;1994-03-30T01:30:21.092597;Choose might less.;SUPPORT;92;51
82;2021-08-17T05:20:41.136739;Gun quickly condition general model choose its.;SUPPORT;68;41
83;2020-09-17T07:45:51.050314;Realize bring campaign well field network discuss.;SUPPORT;12;79
84;1989-08-23T16:12:32.908020;Nice a friend recently.;SUPPORT;45;47
85;2006-01-18T00:19:33.557640;Want we which rule term PM hour.;SUPPORT;76;25
86;1970-07-29T03:32:19.278763;Though sign discussion apply.;NEUTRAL;55;69
87;1997-08-22T19:49:47.013026;Guy clear language particularly population allow south.;DEFAULT;87;73
88;2013-10-17T07:03:56.866791;Glass news church like three every.;NEUTRAL;88;5
89;2024-10-13T21:50:53.083612;Strategy fact official any.;NEUTRAL;44;26
90;1986-01-19T14:40:15.943247;Student lawyer color idea finally close people.;NEUTRAL;6;76
91;1970-06-08T23:53:39.688798;Another environment away.;NEUTRAL;18;56
92;1978-07-14T09:17:10.055061;Choose state shoulder simple beyond all close.;SUPPORT;57;28
93;2012-10-17T09:42:22.455508;Throw say why heart.;NEUTRAL;4;3
94;2011-08-28T04:41:21.741269;Between suggest time measure mother the.;NEUTRAL;36;7
95;1973-09-17T20:34:10.088415;Get amount argue design increase everyone.;OPPOSED;41;8
96;1974-05-24T21:17:26.086886;Very minute reflect senior former result plant sea.;OPPOSED;79;52
97;1999-05-20T03:55:21.331727;Opportunity around buy price red them.;OPPOSED;4;75
98;1973-08-31T12:18:38.366494;Dog raise economy after agreement ball onto.;OPPOSED;33;23
99;1988-12-01T10:44:44.187543;Finish well late commercial music.;OPPOSED;16;29
100;1985-04-22T13:58:08.191556;Doctor theory attorney others administration experience reduce.;OPPOSED;33;42
101;1986-12-08T06:52:54.569600;Method pay morning various media support enough recent.;OPPOSED;46;86
102;1981-10-05T03:48:36.405821;Individual shake Democrat middle state hand story.;SUPPORT;4;61
103;1992-10-07T04:40:19.794535;Standard manage lead newspaper court know court.;NEUTRAL;29;23
104;1989-02-16T17:58:28.800631;Even dark audience culture whether environment offer sense.;DEFAULT;38;67
105;2010-04-27T05:45:30.791459;Choose enough week.;OPPOSED;55;62
106;1995-10-27T03:28:37.711465;Rate floor position from.;SUPPORT;64;10
107;1996-03-07T20:39:49.779028;Effect Mrs ready more maybe as.;NEUTRAL;55;19
108;2008-08-19T07:04:11.791583;Especially newspaper past movie.;OPPOSED;97;12
109;1982-01-21T20:40:32.231659;For character writer career instead.;NEUTRAL;10;99
110;1975-02-11T12:50:56.947363;Article word likely administration free activity explain.;DEFAULT;22;6
111;2025-08-18T06:42:43.899984;Floor study book forward husband.;DEFAULT;11;55
112;1989-08-27T23:26:22.237765;Poor four interesting identify account.;OPPOSED;59;24
113;2022-07-12T23:41:24.051040;Four age side as to machine.;NEUTRAL;5;67
114;2003-08-19T12:13:17.539341;Instead state team although stage improve word.;OPPOSED;5;10
115;1971-12-24T03:24:05.962197;Million prepare to bank direction inside.;NEUTRAL;77;5
116;1997-05-31T09:34:32.709004;The piece light role.;OPPOSED;97;68
117;2016-05-30T19:36:11.741607;Type only friend recently.;NEUTRAL;89;52
118;2014-11-27T16:07:03.744532;Hot money peace per book agree development.;SUPPORT;6;90
119;2014-02-04T01:38:28.767162;Line type score certain so moment.;NEUTRAL;84;64
120;1997-11-08T08:56:44.026695;Run us firm although property.;OPPOSED;82;2
121;2004-06-13T13:36:02.135195;Suffer little enter leave size.;OPPOSED;60;84
122;1993-10-21T01:47:41.725221;Upon while conference protect any range kid sell.;DEFAULT;23;42
123;1970-03-30T07:27:13.874593;Hear close increase return community certainly.;SUPPORT;68;86
124;2021-08-10T19:07:17.001347;Method doctor listen money after rate.;SUPPORT;72;65
125;2017-04-27T12:18:03.982960;Arrive western check hold church lose age.;OPPOSED;94;75
126;1972-12-17T17:37:44.282310;Mother question administration us.;NEUTRAL;31;37
127;2004-03-03T10:27:26.029745;Despite main space there responsibility.;SUPPORT;15;9
128;2009-06-27T00:05:57.772181;Describe east agreement.;DEFAULT;12;31
129;2001-06-14T18:29:12.773633;Health stand throughout heart sort realize when Congress.;SUPPORT;33;46
130;1991-09-11T09:08:37.753376;Network color certainly continue.;OPPOSED;47;67
131;2002-11-15T17:14:09.576974;Against each health sister.;DEFAULT;66;42
132;2022-04-18T16:06:53.676083;American second network her president tell.;SUPPORT;21;20
133;2010-06-24T11:45:41.593065;Child result wind feel.;OPPOSED;92;4
134;2009-01-22T17:55:37.956196;Positive whom cup beyond.;SUPPORT;82;93
135;1981-12-20T04:07:27.231029;Decade then experience wrong mission either.;DEFAULT;69;79
136;2003-11-17T08:10:25.595638;Tell simple now rest soldier answer north.;NEUTRAL;73;19
137;2018-01-03T17:46:08.549873;Cost raise example right.;DEFAULT;79;73
138;1970-08-22T23:28:03.454908;Since none generation by region contain recognize force.;DEFAULT;80;78
139;1970-01-15T16:15:12.511826;Collection Democrat brother list.;SUPPORT;54;67
140;1972-03-31T17:56:38.223947;System crime shake nature able.;OPPOSED;43;22
141;2025-01-30T21:25:28.185141;Spend nearly high say.;NEUTRAL;5;11
142;1970-07-30T16:21:11.169910;Together present commercial live president condition.;SUPPORT;55;46
143;1974-07-08T00:31:10.747544;Consumer ask pick.;OPPOSED;66;57
144;1972-01-25T00:52:58.500467;Young old start through easy day science.;OPPOSED;89;47
145;1973-03-16T02:27:49.361690;Weight care college.;OPPOSED;64;50
146;2002-06-12T17:48:37.643349;Step situation body least decision family similar.;SUPPORT;98;72
147;2023-04-04T13:31:08.563513;Lead claim such major wind water.;SUPPORT;2;28
148;2021-04-15T10:42:12.425568;Measure threat energy day individual dog.;SUPPORT;36;46
149;2000-10-02T21:00:33.311917;Involve first grow enter.;OPPOSED;41;49
150;1976-09-27T02:06:38.993846;Anyone protect character job difficult game bit certain.;DEFAULT;84;73
151;2008-12-10T17:20:23.593887;Radio memory book strategy including significant top.;SUPPORT;35;45
152;1977-04-05T00:36:19.859584;Left soon science.;DEFAULT;61;94
153;1984-01-12T02:02:03.303790;Hair sure upon.;NEUTRAL;59;17
154;2008-02-21T22:17:26.636203;Find kitchen exactly soon office.;SUPPORT;9;21
155;1977-05-19T13:00:00.357692;Describe stuff successful author writer.;SUPPORT;71;13
156;1974-09-04T17:29:03.560196;High voice audience movement.;OPPOSED;55;77
157;1998-12-24T00:14:39.619792;Business station exist summer indicate take shake.;SUPPORT;81;27
158;1972-10-23T12:10:19.124088;Follow thus deep yeah rise perform them process.;OPPOSED;28;52
159;2007-01-20T06:20:05.215640;Personal statement somebody property yet cut.;DEFAULT;17;15
160;1981-02-21T18:43:49.493689;Real sure list itself.;OPPOSED;33;71
161;1997-12-28T22:09:36.071513;Action away real beat tend owner.;SUPPORT;44;72
162;1982-08-14T15:01:21.621877;Want kid job arrive learn pay with.;SUPPORT;67;29
163;1977-10-16T14:48:51.362209;Citizen ago source.;NEUTRAL;38;30
164;2024-08-23T19:13:31.234300;Girl page man environment indeed.;NEUTRAL;51;36
165;1984-10-22T15:50:48.733697;High order coach laugh whom.;NEUTRAL;97;79
166;2010-10-28T19:15:12.557972;Sound strong likely nation need at.;OPPOSED;56;63
167;1991-01-18T20:47:50.124758;Bank hundred church instead wife already.;DEFAULT;59;31
168;1992-11-18T05:06:23.204864;Way next stay heavy.;NEUTRAL;16;41
169;1998-03-07T16:08:52.166623;Southern help production listen store standard.;NEUTRAL;56;80
170;2011-06-04T13:26:24.463648;Everything same evening really subject maintain career.;OPPOSED;78;18
171;1994-03-24T19:58:25.570016;Happy some college even among pick.;DEFAULT;10;12
172;1988-04-20T06:00:16.798783;Itself maybe you eight about.;OPPOSED;69;57
173;1998-05-21T05:52:33.524586;Central between act paper maybe action.;SUPPORT;25;36
174;1985-04-20T19:37:31.576235;None they serve town arm expect.;SUPPORT;73;54
175;1986-01-17T14:32:09.384972;Mother however keep.;NEUTRAL;54;81
176;2023-08-22T19:23:22.322838;Control huge main policy end hair.;NEUTRAL;93;32
177;1991-08-29T23:17:06.044081;Song red town sure your hit behavior.;OPPOSED;77;3
178;1982-07-12T02:50:00.258070;My task cold response better simple early.;OPPOSED;63;50
179;2004-11-24T23:39:28.561224;Many election song turn brother man.;DEFAULT;82;73
180;2010-09-25T22:05:53.493078;Sister over particular hotel anything benefit theory.;NEUTRAL;65;75
181;1981-04-16T03:02:15.218602;Read response one officer worry those watch.;OPPOSED;56;79
182;2011-05-09T16:53:36.591994;Seem else argue able end government evidence.;NEUTRAL;46;45
183;2010-05-08T07:16:29.211990;Arrive side despite tough job treatment.;OPPOSED;59;47
184;1983-06-06T12:35:02.006507;Past let stand push.;OPPOSED;6;86
185;1998-08-16T14:21:12.709694;Of kitchen number kind.;NEUTRAL;2;45
186;2002-05-06T22:48:32.204703;Simply media indicate pretty.;NEUTRAL;23;84
187;1971-07-09T04:49:01.597909;Level radio town model she pretty.;SUPPORT;62;46
188;2018-08-27T11:34:31.355836;Side similar western run build crime.;NEUTRAL;40;93
189;1980-09-23T23:02:05.477841;Concern someone successful.;DEFAULT;6;82
190;1982-04-15T00:57:59.813712;Also event contain market.;OPPOSED;96;94
191;1998-11-13T06:43:25.689617;Carry pressure stay until direction third keep.;OPPOSED;98;96
192;2010-05-16T20:02:03.224298;Black necessary beautiful father street community.;DEFAULT;55;31
193;2002-05-04T03:26:07.684898;Must support skin population success present bed.;SUPPORT;90;56
194;2002-09-11T08:12:58.137442;May choice goal by difference.;NEUTRAL;96;50
195;2004-07-09T15:03:56.265903;Hair know floor no gun bar hospital.;NEUTRAL;52;55
196;2021-08-09T04:12:46.385185;Join reduce grow media.;NEUTRAL;1;16
197;1996-12-30T22:26:35.785145;Election house subject others expert.;OPPOSED;15;48
198;1996-12-13T01:51:42.896359;Why writer us sometimes.;SUPPORT;32;61
199;1985-07-23T02:01:36.788785;Fish despite stop each day tonight.;DEFAULT;88;27
200;2004-12-18T18:25:26.289016;Policy control however reduce forget.;DEFAULT;100;45
201;2019-08-08T09:16:55.248853;Result base road spend personal.;NEUTRAL;12;5
202;1980-12-07T12:41:40.415160;Think sign source bag buy daughter.;OPPOSED;89;41
203;1993-02-15T06:34:16.588403;Once affect so west.;SUPPORT;17;47
204;2002-01-09T00:17:16.771361;Green specific behind member artist teach.;SUPPORT;91;23
205;1993-08-14T00:11:25.326028;Set thank offer describe process.;SUPPORT;34;83
206;2018-04-11T16:51:24.684773;Bed even four remain.;NEUTRAL;48;13
207;2020-04-18T13:45:00.552743;Floor trip ahead visit.;DEFAULT;89;18
208;2008-01-16T19:39:16.929704;Forget after he culture.;OPPOSED;82;64
209;2022-01-29T16:51:07.685768;Move memory reduce get wind bar real.;NEUTRAL;69;52
210;1999-07-25T05:23:52.129704;Receive brother enjoy international space third.;SUPPORT;98;60
211;2011-02-19T05:18:41.044686;Red prove before set scene.;DEFAULT;25;46
212;1988-02-11T11:14:10.289056;Century main million fly hear.;DEFAULT;67;22
213;2022-11-27T18:26:33.870963;Capital run design firm clearly sometimes of.;DEFAULT;57;66
214;1987-06-16T06:25:03.252525;Why writer enter find.;NEUTRAL;49;77
215;1977-03-03T10:03:18.496273;Show sense imagine money.;DEFAULT;50;52
216;1973-07-11T22:51:43.568089;Let hand out affect.;OPPOSED;77;50
217;2024-04-16T20:39:57.107477;Feel position explain drug himself allow coach job.;DEFAULT;98;44
218;1983-10-17T20:46:57.271084;Camera technology quite alone very speak identify laugh.;SUPPORT;12;36
219;1981-07-11T21:25:58.380310;Lot also left participant.;NEUTRAL;87;21
220;2012-03-23T08:36:19.155564;Sport church ask and.;OPPOSED;34;19
221;1991-01-13T16:35:04.693037;Practice analysis quickly actually box guy.;SUPPORT;52;79
222;1974-02-27T02:35:10.687309;Which sell security.;NEUTRAL;20;92
223;1977-11-04T08:29:20.205028;With soldier senior can authority information board.;SUPPORT;20;85
224;2009-08-23T20:25:59.471620;East dark investment stuff necessary two.;SUPPORT;9;93
225;1998-04-13T03:27:35.734520;Inside answer animal drug role.;NEUTRAL;36;18
226;1998-04-15T02:20:49.665022;Pretty billion sport often.;OPPOSED;33;41
227;1983-02-01T19:39:24.896074;Woman campaign dinner together message ground daughter.;SUPPORT;76;28
228;2003-10-17T13:02:28.621337;Commercial young professor seek.;OPPOSED;79;31
229;1971-06-05T15:54:35.777245;Drug put speech unit.;NEUTRAL;78;6
230;2015-02-02T00:43:22.191297;Blue song enter action production break book.;DEFAULT;31;47
231;2003-07-28T13:06:32.211674;Woman structure half within such weight.;SUPPORT;29;92
232;2002-10-21T00:52:40.071499;By college it nation throughout dark near.;NEUTRAL;45;10
233;1975-10-15T13:16:58.156938;Whole knowledge none reduce character.;SUPPORT;83;47
234;1994-01-24T17:17:24.379195;Attention enter charge across candidate picture ahead produce.;SUPPORT;88;15
235;2003-12-06T04:00:17.008250;Attorney agent area compare first capital.;NEUTRAL;16;72
236;1976-09-10T04:23:51.244541;Cut high feel tend organization million.;NEUTRAL;80;71
237;2025-10-08T13:57:14.558949;East around force.;SUPPORT;71;93
238;1973-04-12T18:21:49.037700;Physical perhaps story together history race.;OPPOSED;46;29
239;1994-03-18T05:13:05.058048;Receive raise Democrat attention bit baby.;DEFAULT;16;45
240;1980-11-07T21:25:06.084128;Hot face this seat model feel.;NEUTRAL;42;83
241;2001-11-01T22:30:42.517056;Guy four ready college team task.;OPPOSED;59;34
242;1980-07-01T10:06:21.847272;Baby how develop also or attention easy peace.;NEUTRAL;92;99
243;1993-07-15T03:07:52.464603;Serious it reach leg hear which anything tough.;NEUTRAL;95;96
244;1987-03-24T00:15:57.018737;Age phone evidence just.;DEFAULT;17;63
245;2010-08-16T04:40:34.083419;Happen task indeed smile.;DEFAULT;63;67
246;1991-11-07T20:04:58.414845;Present find point face I later deep.;NEUTRAL;45;50
247;2014-03-15T00:58:00.556458;Traditional six decade scene.;OPPOSED;46;86
248;1990-02-11T04:17:09.573616;Situation life camera member media.;NEUTRAL;70;94
249;2025-08-23T10:08:38.531042;Store enough everybody deal develop just forward home.;NEUTRAL;4;14
250;1997-01-16T23:34:41.159869;Avoid small then wonder million throw.;NEUTRAL;97;55
251;2009-12-04T15:44:43.601192;Husband huge ahead picture strong.;NEUTRAL;19;82
252;1998-11-01T11:37:55.583587;Enough figure term because close young return.;DEFAULT;76;21
253;2010-04-20T16:43:20.891826;House onto happen six whom attorney economic quality.;NEUTRAL;86;51
254;1976-03-03T04:25:08.548942;Season force smile.;OPPOSED;31;31
255;1995-09-18T05:03:49.465368;Let dream pressure detail.;OPPOSED;75;23
256;2015-01-20T21:50:18.724351;Only politics leg someone some station write.;SUPPORT;3;77
257;1991-10-07T17:54:17.770711;Show participant actually again course protect.;OPPOSED;85;93
258;2003-10-29T18:57:11.208105;Try push bit finish economy personal.;DEFAULT;22;20
259;1984-06-30T08:37:35.023471;You although send ago.;SUPPORT;44;66
260;1988-07-20T16:45:51.412509;Leader risk cut yes hit detail.;DEFAULT;6;16
261;1986-10-05T00:19:01.612641;Land practice great miss line inside.;SUPPORT;24;81
262;1995-02-03T14:56:15.431773;Long message none nor law deep low.;DEFAULT;9;43
263;1970-06-03T11:53:46.252324;Policy call debate yourself heart long analysis.;SUPPORT;89;67
264;2012-12-09T00:59:44.423613;Save result thus especially these once begin we.;OPPOSED;89;32
265;1977-07-28T09:45:04.892396;Professional development dog account glass draw.;OPPOSED;76;26
266;2003-07-24T23:03:15.874414;Remain yet tree guess west.;DEFAULT;33;29
267;2003-02-04T13:53:27.545969;Name reach attack scientist.;SUPPORT;26;94
268;1993-06-29T23:45:20.013432;Federal spring population.;OPPOSED;74;74
269;2017-06-07T01:52:16.207056;Contain meet once company generation exist.;OPPOSED;96;86
270;1974-04-16T22:19:16.892080;Stay expert these interesting tend left team.;SUPPORT;51;85
271;1991-11-23T01:05:34.057868;Clearly ready surface individual.;OPPOSED;1;48
272;1995-03-25T09:36:34.588275;Her few course nor.;DEFAULT;97;3
273;1998-12-05T16:21:52.845184;As only prepare draw Mr.;SUPPORT;76;46
274;1991-11-14T00:02:53.074267;Wind recognize road chance answer.;DEFAULT;49;63
275;1998-09-29T07:28:10.145810;Weight head field.;OPPOSED;60;14
276;1979-08-08T02:32:56.572486;Child item although else range seek.;DEFAULT;54;38
277;2006-07-20T17:11:44.240027;Decide American lawyer.;OPPOSED;53;25
278;2024-11-12T19:36:52.282093;Remain her girl day skin world.;NEUTRAL;100;96
279;2002-08-18T15:36:22.387169;Really including skin kitchen every evening receive require.;NEUTRAL;50;54
280;2025-09-13T23:56:21.481808;Material floor art perhaps fish.;DEFAULT;88;81
281;1974-05-23T03:42:32.669143;Report fill chair wall second choice chair.;DEFAULT;14;48
282;1978-11-04T17:37:31.647114;Phone quickly according from type.;DEFAULT;76;86
283;1984-05-19T08:03:16.488353;Consider take worry close.;SUPPORT;15;44
284;1981-11-17T20:09:35.007624;Wish long us all office candidate.;SUPPORT;69;11
285;2000-04-09T23:20:35.087075;Sea both career long positive anyone throughout.;NEUTRAL;80;74
286;1976-03-25T22:53:13.093169;Body discuss apply mind to indicate face.;SUPPORT;34;98
287;2001-03-23T14:39:05.018836;Catch off education budget.;SUPPORT;81;62
288;2023-01-28T09:32:39.236109;Event stage brother news.;DEFAULT;44;89
289;1975-10-15T09:17:09.389345;Religious red another population.;DEFAULT;36;77
290;1988-05-19T06:13:19.580679;Agreement idea research media factor human these town.;NEUTRAL;46;21
291;2017-12-28T19:39:31.882279;Chance try system the resource.;NEUTRAL;98;66
292;1987-12-24T09:46:12.693235;Sea buy his.;DEFAULT;11;7
293;1982-12-18T22:35:11.745015;Bad parent process daughter kid traditional.;DEFAULT;73;8
294;2009-11-08T14:43:50.053052;Scene become affect.;DEFAULT;38;28
295;1982-07-16T14:45:23.575714;Just about everybody change thought grow right.;NEUTRAL;37;30
296;2021-07-04T21:58:34.974236;Minute threat language attorney.;NEUTRAL;100;93
297;2001-09-02T19:32:10.033201;Matter figure conference daughter brother attention hair.;SUPPORT;82;99
298;1991-03-03T15:51:14.771485;Concern lay central.;OPPOSED;23;65
299;1983-12-12T04:11:03.660141;Couple within magazine.;SUPPORT;85;70
300;1987-01-06T05:48:22.427715;Generation behavior she bed magazine between.;NEUTRAL;85;56
301;2009-05-03T09:25:53.851282;Admit then out contain man officer.;OPPOSED;52;37
302;2011-03-19T14:49:02.643180;Concern if my.;DEFAULT;17;100
303;1977-07-03T22:44:13.704612;Nature exist face world model once.;NEUTRAL;87;19
304;1990-01-01T02:00:48.861140;Hand could member management.;DEFAULT;64;60
305;1977-07-22T18:27:29.318083;Score no material bed win wait consumer.;NEUTRAL;50;37
306;1989-02-11T08:23:56.593480;Grow or care during me action.;DEFAULT;12;55
307;1983-09-12T21:09:18.594881;Consumer cover suffer today.;DEFAULT;17;42
308;2007-04-16T08:02:29.851584;Open before increase what.;SUPPORT;18;1
309;1991-04-24T11:48:38.491214;Site for despite ever most imagine hear.;DEFAULT;94;69
310;1987-09-30T04:57:56.440115;Prevent watch all issue will.;NEUTRAL;49;69
311;1984-03-13T22:54:34.275413;Various than political right important energy any son.;DEFAULT;66;39
312;1978-07-18T23:48:50.800183;Again seat involve move recently guess begin.;DEFAULT;18;75
313;1989-09-11T02:08:04.037764;Tell hour left.;DEFAULT;59;79
314;1971-08-21T09:15:02.451830;Wide inside add prepare stay.;SUPPORT;67;95
315;1975-01-15T15:58:50.886951;May spring trade culture management house land production.;DEFAULT;67;93
316;1975-07-22T01:59:30.344274;May kid prevent family.;SUPPORT;81;27
317;2019-05-13T16:37:43.384135;True check easy cost live nor.;DEFAULT;44;23
318;1993-10-02T12:03:41.363753;Mention Democrat nothing.;DEFAULT;95;54
319;2009-05-01T19:17:58.740747;Everybody bed sense treatment writer summer.;NEUTRAL;20;21
320;1983-03-21T08:01:17.883361;Station pull effect decide attorney that speech.;NEUTRAL;35;62
321;2019-02-10T18:35:48.679704;Thing just drive stock main nearly hold.;DEFAULT;65;76
322;1993-10-11T15:36:58.347087;Memory sense general others.;SUPPORT;4;11
323;2008-02-11T23:15:57.785191;Total act firm off do system.;OPPOSED;16;61
324;1995-04-23T01:39:38.805295;Year body else effort success agent.;DEFAULT;34;48
325;1973-12-10T18:24:01.763279;Sure interest operation certainly significant us training.;SUPPORT;23;86
326;1984-04-11T17:03:51.498249;Plan up mean author.;SUPPORT;65;44
327;1986-05-12T09:11:16.344400;Out team sign discuss.;SUPPORT;61;83
328;1976-08-25T02:14:53.167384;Gas hotel material top expert assume.;OPPOSED;19;60
329;2014-03-09T00:18:46.674538;Candidate theory need these plant must.;OPPOSED;13;28
330;2020-03-25T04:14:46.940111;Local most choice theory on.;OPPOSED;50;67
331;2009-12-11T11:06:48.422237;Than official sister within today table.;SUPPORT;94;73
332;1978-09-05T21:25:32.549621;Program within fly.;NEUTRAL;64;1
333;1978-02-13T05:14:00.403407;Cup attention hold another center single dream.;SUPPORT;85;92
334;1976-09-29T09:43:41.933014;Need recognize thus citizen source child science mouth.;DEFAULT;75;76
335;1981-12-13T22:49:58.640026;Thank top teacher piece.;OPPOSED;37;35
336;1996-07-10T01:51:33.080333;Play election quickly TV else exactly challenge.;SUPPORT;89;46
337;1998-08-04T17:05:13.678135;Position ago company these.;OPPOSED;39;75
338;1988-12-16T20:05:04.220519;East accept throw artist fight.;SUPPORT;44;17
339;1996-06-08T17:01:29.228136;Speech month spend concern.;DEFAULT;90;4
340;2012-06-15T02:26:44.704739;President nice hard what opportunity key treatment respond.;SUPPORT;17;83
341;1998-06-11T13:24:32.332323;That on huge decade rate.;DEFAULT;43;90
342;2015-01-26T02:17:06.497369;Cultural stage assume strategy course natural great.;NEUTRAL;30;89
343;2000-09-14T01:00:22.399937;Hot night determine best society occur.;OPPOSED;16;34
344;2015-05-29T10:37:51.461587;Institution though easy general establish one song itself.;SUPPORT;69;95
345;2024-07-08T22:31:25.141003;Whom walk recently article.;DEFAULT;44;26
346;1970-12-15T19:06:34.748373;Low open determine authority order.;SUPPORT;42;69
347;1995-02-09T06:47:26.095037;Suddenly modern drug maybe sign.;OPPOSED;56;14
348;2022-03-08T18:01:57.873740;Like he there sport little.;NEUTRAL;46;51
349;1977-03-15T09:16:21.070597;Ground staff item seem pressure.;NEUTRAL;99;85
350;1995-09-24T21:54:00.070900;Movement Democrat year hot test law.;SUPPORT;44;93
351;1977-08-20T16:42:08.511460;Any everything politics himself.;SUPPORT;36;62
352;2015-02-06T13:33:59.239897;Consumer do radio base wide issue.;NEUTRAL;82;100
353;2000-01-16T19:38:08.247870;Fall more avoid shake animal finish important.;DEFAULT;37;8
354;1982-12-05T17:11:50.259026;Professor account white behind stock little.;DEFAULT;49;85
355;2005-12-21T09:46:59.092544;Program keep stock man voice why control.;NEUTRAL;59;44
356;1995-06-15T07:29:07.095671;Itself seek hear ground air sometimes.;NEUTRAL;75;84
357;2000-12-10T10:33:32.665876;Pretty none fund authority financial leave our.;DEFAULT;71;65
358;1980-02-15T04:19:38.004578;Though share explain hard maybe of.;SUPPORT;53;86
359;2008-05-11T14:16:28.139391;Main yet why action appear last.;SUPPORT;36;54
360;1991-05-31T19:36:25.399985;Relate subject wife race.;DEFAULT;97;27
361;2006-04-16T15:25:48.433219;Mr case represent question.;SUPPORT;7;82
362;1971-05-04T13:49:45.411806;Opportunity little decision.;DEFAULT;41;20
363;2005-10-17T13:51:09.653456;Thing professor marriage thing themselves get.;NEUTRAL;75;88
364;1997-06-21T17:26:43.068541;Any according research talk.;NEUTRAL;79;4
365;1990-06-11T21:38:48.090300;Large always in arm detail media.;SUPPORT;57;62
366;2011-08-09T13:47:35.775466;Something level relationship change project TV he.;OPPOSED;8;18
367;2016-11-17T03:56:10.761791;Eye kid technology us sense chair.;DEFAULT;1;53
368;2007-10-18T18:25:51.690306;Exactly party bill program dinner leg clear.;OPPOSED;25;49
369;2013-09-27T02:55:32.110066;Like could candidate truth.;DEFAULT;21;78
370;1983-12-31T14:41:02.526050;Although nice quite structure anyone hold.;NEUTRAL;2;56
371;1990-10-19T22:05:39.336044;More number actually low watch nation back pass.;OPPOSED;51;28
372;1979-07-20T15:01:58.317995;Skill process travel clear including itself.;NEUTRAL;89;73
373;1974-06-30T13:19:23.053569;Identify provide positive.;DEFAULT;97;79
374;2014-09-12T13:04:04.811418;A blue probably care star.;NEUTRAL;71;70
375;1985-07-14T06:36:51.895168;Your approach art employee police various rich reach.;OPPOSED;62;97
376;2009-01-01T22:08:53.401263;Rise approach hit attorney to us protect.;OPPOSED;78;12
377;1984-08-28T20:41:31.236655;Really single outside ok focus.;NEUTRAL;8;61
378;1994-06-18T05:53:58.286936;Without else lose behavior.;DEFAULT;29;4
379;2006-03-07T22:07:48.359987;Side father respond trade not me concern.;SUPPORT;2;14
380;2025-03-10T01:07:20.849345;Able staff section economy.;SUPPORT;11;97
381;1985-12-26T16:09:25.577053;Summer feel somebody board.;NEUTRAL;16;14
382;1995-02-11T06:07:02.000954;Different so heart else end.;NEUTRAL;33;69
383;2014-03-09T18:59:44.350147;Her minute different full occur author must among.;SUPPORT;77;93
384;1993-06-30T03:02:33.207333;Another check series idea cold present.;OPPOSED;64;87
385;1970-05-28T20:03:27.128970;Week provide property day television.;NEUTRAL;61;58
386;2018-04-07T13:20:27.996808;Technology five fast well four concern.;DEFAULT;54;79
387;1971-12-29T19:21:19.123628;Together them new end.;NEUTRAL;51;31
388;1987-11-14T12:47:57.073221;Street analysis lot town sport pressure rich.;SUPPORT;50;1
389;1998-07-24T15:39:32.495421;As sound above above final also.;DEFAULT;37;81
390;1991-10-10T19:31:20.972440;Him window will agent generation manage forward.;NEUTRAL;63;39
391;1995-12-06T15:04:33.094606;Season toward worry car tell.;SUPPORT;95;39
392;1999-04-01T23:43:42.754501;Seem minute six sometimes.;NEUTRAL;52;48
393;2017-08-30T11:04:53.321662;Admit war thank lay.;DEFAULT;52;1
394;2012-09-22T13:08:30.041731;No cause become research wait third technology maybe.;NEUTRAL;63;57
395;1978-12-26T19:48:29.242008;Modern run discussion bag avoid hot.;DEFAULT;93;86
396;1987-02-16T15:27:40.118397;To Congress need police.;SUPPORT;43;81
397;1979-09-29T08:52:01.119380;Situation more pattern allow kitchen.;SUPPORT;14;6
398;1977-01-06T22:51:38.235151;Sort game business real.;OPPOSED;42;3
399;1989-08-04T15:42:34.701596;With no through tax.;SUPPORT;43;39
400;2018-03-03T22:24:39.744353;Six citizen coach recent real young capital.;DEFAULT;43;43
401;2005-10-02T15:20:25.832242;Huge change can wife.;NEUTRAL;66;7
402;1994-10-03T23:12:33.579455;According discover create hold type final cost program.;NEUTRAL;67;97
403;1974-05-20T10:06:49.454140;Have approach city.;SUPPORT;71;37
404;1980-05-21T01:06:54.633653;Evening bit discuss deal range.;SUPPORT;33;18
405;2017-08-06T02:36:06.886009;Professional around factor never describe.;DEFAULT;38;62
406;2010-08-06T18:52:38.121974;Yeah laugh future including arm foreign special.;OPPOSED;66;93
407;1979-10-15T17:11:22.300391;Seat if likely tonight.;OPPOSED;49;35
408;1984-02-23T04:43:28.862122;Ready performance letter south eight husband stage really.;OPPOSED;32;19
409;1982-09-26T05:42:40.828697;Total benefit where crime.;DEFAULT;75;92
410;2006-10-31T10:28:03.073426;Art economy voice onto box company indeed.;OPPOSED;18;35
411;2010-09-27T00:24:50.486714;Head imagine write us seven remember technology.;SUPPORT;39;44
412;2023-01-04T18:28:03.994025;Image including across what.;SUPPORT;77;92
413;2003-08-01T21:51:40.249907;Goal whose nothing eat week sport lead beat.;DEFAULT;64;29
414;2004-11-26T15:19:39.725204;Run total thought certain.;SUPPORT;50;33
415;1986-11-09T11:38:52.175549;Wrong somebody just student name million seek.;OPPOSED;34;33
416;2018-12-22T18:39:56.029086;Process article again seven street reflect.;DEFAULT;49;89
417;2005-04-09T23:23:28.572554;Tax outside young seven particularly allow.;OPPOSED;67;39
418;2010-04-03T05:58:47.690228;Major painting ever.;NEUTRAL;43;56
419;2004-12-24T12:38:40.984098;Nice source church positive evidence deep wall.;DEFAULT;53;34
420;1983-01-16T20:54:11.324064;Half all citizen.;SUPPORT;53;22
421;1970-03-27T05:42:19.490553;Moment truth alone.;SUPPORT;38;10
422;1976-09-11T15:55:13.631647;Mention dog TV national either draw.;DEFAULT;3;34
423;2019-12-28T04:55:11.762458;Your cover name within site.;SUPPORT;93;67
424;1979-04-02T23:33:23.469457;Road maintain hand.;NEUTRAL;95;86
425;2014-08-30T18:58:03.814854;Time happy fire section.;DEFAULT;65;14
426;2018-04-16T06:42:47.638190;Piece sense show security sport wrong catch.;OPPOSED;2;57
427;2015-08-20T15:40:34.707234;Perform ever card Mr agency area.;NEUTRAL;10;3
428;2011-02-21T23:06:19.033446;Former especially leg only possible.;DEFAULT;33;93
429;1976-05-13T23:28:17.998170;Past society low star table market those.;NEUTRAL;33;44
430;1973-09-09T21:40:20.767173;Skill practice opportunity.;DEFAULT;66;69
431;1992-05-28T13:02:45.110374;Idea use teach fine late.;OPPOSED;58;70
432;2007-07-13T06:02:11.513748;Daughter indeed note develop thing.;OPPOSED;45;15
433;2003-06-28T02:28:52.666334;Detail detail sit red difficult.;OPPOSED;17;83
434;1973-11-26T21:42:18.461480;Song drug cut wall nature you.;NEUTRAL;65;18
435;2009-05-06T00:26:36.984846;The local language recently book big try drop.;DEFAULT;87;47
436;2003-07-14T02:14:22.467791;Poor actually TV man need let.;OPPOSED;49;41
437;1986-11-24T11:00:21.536217;Travel appear fire everyone pattern woman alone.;DEFAULT;41;26
438;2021-08-12T04:35:16.491611;Participant although great weight shoulder later.;SUPPORT;83;23
439;2023-05-14T10:46:17.916914;Road body company during boy response hot.;SUPPORT;23;74
440;1983-02-24T09:01:29.323613;Leg relationship color behavior century.;OPPOSED;37;38
441;1982-09-27T04:14:04.885317;Cost which administration better voice.;OPPOSED;54;73
442;1970-05-05T05:29:40.952837;Nation accept military the.;SUPPORT;81;81
443;2001-11-08T03:47:06.081702;International left now note while into source interest.;DEFAULT;58;3
444;1984-09-22T00:06:01.520552;Commercial treat age road really guess.;NEUTRAL;25;26
445;1985-12-02T20:03:33.477414;Current recognize pressure gun reason.;DEFAULT;29;89
446;1986-04-15T11:22:56.778032;Particular position environment.;SUPPORT;44;61
447;1998-08-01T00:20:56.686906;Vote military add alone describe start detail.;SUPPORT;62;33
448;1981-03-26T11:49:54.824104;Game later ground effort dinner can include.;NEUTRAL;34;100
449;1992-12-14T01:00:38.682648;Here common various cup six detail.;SUPPORT;63;38
450;1978-03-27T03:59:09.394253;North safe focus degree must.;SUPPORT;59;27
451;1988-05-24T06:15:47.653775;Argue throughout choice investment design.;OPPOSED;70;92
452;1984-06-21T09:45:21.506104;Send green even foot major weight and.;NEUTRAL;3;30
453;1983-10-22T06:33:49.477343;As window big environment imagine board only.;DEFAULT;76;81
454;2022-03-14T21:11:04.809652;Already main money president.;OPPOSED;6;87
455;1981-06-24T06:23:44.038840;Simple from represent appear.;NEUTRAL;89;6
456;1987-10-17T18:59:10.556373;Least sort while government team away.;NEUTRAL;90;41
457;1980-01-13T11:57:05.441616;Despite participant energy walk their.;DEFAULT;70;4
458;2023-09-20T16:13:36.354058;You it board lead late fill difficult.;OPPOSED;17;26
459;2005-05-04T04:57:31.488328;Executive be one strong join lay movie recent.;OPPOSED;60;74
460;1978-08-07T16:37:39.695518;Time ten figure Democrat.;SUPPORT;75;78
461;2006-01-10T23:03:02.246753;Travel doctor production chance.;DEFAULT;15;88
462;1987-11-23T12:05:50.980738;Still accept issue media certain painting feel student.;DEFAULT;55;39
463;2008-12-07T05:31:14.391123;Owner experience important prove eat center force.;OPPOSED;63;59
464;1984-06-08T03:24:36.628750;Expert ball reflect method idea service mean.;SUPPORT;60;30
465;2002-01-27T14:23:38.446415;Join seven with home.;SUPPORT;82;79
466;2011-11-11T06:31:25.891543;Step up despite nice learn.;OPPOSED;71;76
467;2016-08-05T15:10:10.256779;News newspaper position large forward.;DEFAULT;7;32
468;1975-10-19T19:42:22.294092;Key south moment group significant.;SUPPORT;48;3
469;1985-06-20T15:04:39.881341;General good that state whom.;NEUTRAL;18;34
470;2017-12-13T13:14:41.046819;Manage performance stock agree matter four.;NEUTRAL;25;74
471;1991-02-10T03:57:42.562561;Board star expect go.;OPPOSED;18;3
472;2015-09-18T16:21:41.543435;Keep church ten will tax.;DEFAULT;66;62
473;1999-10-28T15:25:45.137923;So allow possible seem.;OPPOSED;17;66
474;2010-04-05T21:27:19.144053;Provide safe radio many significant on they.;OPPOSED;79;99
475;2021-02-03T13:12:52.687143;Memory civil our century project structure conference interest.;SUPPORT;72;44
476;2023-11-26T21:26:22.081910;Various fill expert table around.;OPPOSED;23;8
477;1986-07-01T21:57:52.366376;Agreement policy nearly.;SUPPORT;21;37
478;2023-12-19T15:51:14.180474;Cost response start resource answer go chance.;DEFAULT;41;3
479;2013-03-17T14:31:03.051790;Second situation born religious central it believe.;NEUTRAL;1;74
480;2011-05-25T04:44:35.322081;Man seek there responsibility share certain political.;NEUTRAL;74;68
481;2020-09-05T03:17:59.340414;Movement face language soon poor parent within.;NEUTRAL;21;49
482;2003-07-29T21:07:57.256827;Live role thing article media language wind blue.;OPPOSED;56;96
483;2007-06-04T16:52:39.771289;Blood degree bring professor move onto consumer.;NEUTRAL;16;93
484;1987-06-27T05:35:41.019759;Food concern bag early.;OPPOSED;57;27
485;1971-07-14T04:30:54.942262;Over debate our five.;NEUTRAL;14;42
486;2002-04-13T06:05:52.876235;Allow opportunity discover up where local clearly heart.;SUPPORT;57;18
487;1980-07-30T18:20:29.462806;Never court you.;OPPOSED;21;82
488;2012-04-15T15:58:25.779434;Throughout threat maintain letter chair.;DEFAULT;50;79
489;2008-07-21T17:25:33.474053;Traditional natural subject certain gas.;NEUTRAL;98;15
490;2001-04-16T17:15:03.453016;Season evening learn program deep.;DEFAULT;78;57
491;2009-01-09T15:33:17.678191;Assume can participant wear goal.;DEFAULT;58;45
492;1999-02-27T23:45:57.541745;History side century difference citizen weight.;OPPOSED;83;57
493;2022-07-06T22:24:52.189476;Test since property choose.;OPPOSED;24;100
494;1988-08-03T21:40:41.967085;Support myself lawyer provide.;SUPPORT;14;46
495;1972-06-04T21:57:01.188031;Memory turn land long successful.;OPPOSED;33;73
496;1976-10-15T00:20:38.306046;Successful city let he individual west.;NEUTRAL;1;58
497;1989-07-09T11:10:47.798383;Different great actually common give.;DEFAULT;88;72
498;2013-08-15T22:31:11.803878;Arrive door identify officer situation.;SUPPORT;88;23
499;1980-09-15T19:43:12.435646;Check billion whatever often.;SUPPORT;61;76
500;1996-12-19T14:32:50.469306;Member federal a reality.;NEUTRAL;97;4
501;1997-09-09T17:19:34.916016;Help claim about sell.;SUPPORT;84;15
502;1972-12-27T02:32:26.128590;Health every son tree.;NEUTRAL;41;70
503;2010-04-23T12:32:24.657535;Project song term area investment.;NEUTRAL;32;72
504;2010-05-02T03:49:09.122432;Modern he and drop contain along.;DEFAULT;47;55
505;1985-06-18T04:44:27.542123;Increase foreign mission picture.;NEUTRAL;35;40
506;1973-08-12T19:46:27.621313;What between hope page hope morning over believe.;SUPPORT;61;54
507;1996-03-24T22:48:45.785099;Event prevent education serve represent minute body.;NEUTRAL;60;39
508;1992-05-13T08:56:29.739429;Issue ten rule fill the quality table look.;SUPPORT;79;54
509;1982-03-26T02:57:33.312498;Fly red indeed article grow system culture.;OPPOSED;89;50
510;1990-04-16T03:18:09.149013;Ball democratic once some himself garden.;OPPOSED;30;75
511;1979-06-04T12:00:44.551526;Career picture poor how.;DEFAULT;79;48
512;2002-08-03T08:16:15.648225;Exactly dog develop movie left.;NEUTRAL;72;21
513;2016-10-12T20:47:43.678316;Republican dark trip people way.;NEUTRAL;38;82
514;1988-09-04T14:20:16.109968;Prepare include again third nature see central east.;NEUTRAL;30;24
515;1991-12-23T15:07:09.250720;Low career face per show.;DEFAULT;84;82
516;1974-06-02T01:01:38.437112;Store also democratic say walk seat care interest.;DEFAULT;95;58
517;1981-07-10T07:47:19.367078;Own reduce would hundred energy memory body.;OPPOSED;49;10
518;1991-12-30T14:06:48.167776;Mind writer edge newspaper debate arrive.;DEFAULT;25;6
519;1996-07-30T07:05:00.475085;Thing clear trouble.;DEFAULT;79;63
520;2016-03-27T22:27:50.276877;Career sort commercial too show indeed.;DEFAULT;52;31
521;2022-12-19T00:57:50.491349;Day despite artist maintain beautiful.;NEUTRAL;8;63
522;2011-11-19T01:53:36.454402;Draw military campaign teacher.;DEFAULT;73;55
523;2003-08-17T05:39:53.356832;President option out thank official modern.;NEUTRAL;68;84
524;1985-01-15T11:11:55.420533;Class member group officer technology either different.;DEFAULT;16;61
525;1974-09-14T06:28:24.633438;Better card police investment moment view long.;OPPOSED;69;32
526;2015-11-13T11:14:53.252215;Already way raise heart scene kind.;NEUTRAL;60;93
527;2001-05-27T22:25:43.796601;Population meeting unit last pattern message speak market.;NEUTRAL;95;35
528;2014-07-27T12:31:38.766654;Product sure ever six.;OPPOSED;33;78
529;2006-11-06T11:22:27.239924;Appear them agent kitchen human possible concern.;DEFAULT;79;77
530;2020-07-15T07:13:42.049376;Firm within ability goal.;NEUTRAL;65;97
531;2021-10-23T09:22:33.143160;Include capital including share.;OPPOSED;29;21
532;2004-10-30T03:24:32.058211;Build nice eight door subject go while pass.;NEUTRAL;59;46
533;2017-08-10T03:20:08.374157;Language several institution whose worry experience same final.;NEUTRAL;66;78
534;2015-03-22T18:25:14.858725;Company black big foreign decision laugh.;NEUTRAL;38;43
535;1976-03-16T02:11:12.232401;Know lay check wear.;NEUTRAL;41;62
536;1999-11-24T10:26:01.806106;Deep interview try early area feeling.;DEFAULT;38;5
537;1988-04-26T09:02:59.671040;Example responsibility choose process deep ask.;SUPPORT;23;74
538;1994-01-09T13:59:32.739127;Herself answer its film finish.;NEUTRAL;98;93
539;2019-12-29T04:53:22.421199;Able federal cold director fear gas home.;OPPOSED;75;15
540;1981-12-10T13:28:55.920417;Consider office agree argue suffer cultural positive that.;NEUTRAL;71;63
541;1977-04-13T03:29:57.758689;Parent responsibility officer professional marriage teach.;DEFAULT;89;76
542;2013-08-14T02:13:40.589559;Training home investment.;SUPPORT;51;8
543;1988-07-01T22:26:19.550077;From unit particular quickly arm name.;SUPPORT;34;82
544;2000-02-24T22:10:07.361231;Realize report article drop must.;SUPPORT;82;52
545;1995-06-25T21:39:46.512384;According suddenly her among.;OPPOSED;25;57
546;2025-09-23T11:02:27.816636;Fall beat while.;SUPPORT;3;20
547;1980-04-14T01:22:07.019873;Lay add my real.;OPPOSED;52;1
548;2010-03-05T03:30:17.088103;Hear meet various explain minute for purpose.;NEUTRAL;74;35
549;2014-08-05T07:34:40.127253;Glass care financial common network receive.;OPPOSED;60;19
550;1992-10-17T10:06:44.976090;Inside green first.;OPPOSED;61;38
551;1987-05-19T06:43:08.670600;All four rich the.;NEUTRAL;81;1
552;1977-05-29T19:57:13.855381;Early seat there board.;DEFAULT;58;89
553;2001-05-09T08:58:18.956918;Car either politics me alone.;DEFAULT;90;46
554;1991-03-26T21:46:12.895357;Relationship fish discuss visit either can safe.;SUPPORT;43;25
555;2013-09-21T07:46:52.123038;Remain must week ahead shoulder meet offer oil.;SUPPORT;10;28
556;2014-05-27T23:11:34.144679;Science always tough.;DEFAULT;39;78
557;1998-12-08T00:06:51.958204;Again account international prove consumer old matter.;DEFAULT;5;22
558;1971-05-15T18:38:36.220527;Manage technology here and.;NEUTRAL;25;89
559;1970-09-18T09:22:34.319787;Key reason player dinner surface short.;OPPOSED;70;31
560;2024-03-03T12:34:38.305455;Citizen will whom language.;OPPOSED;82;59
561;2013-07-22T05:51:02.307500;Financial positive real how.;DEFAULT;4;58
562;2000-08-29T10:46:17.802528;Well woman region wonder heavy.;SUPPORT;4;72
563;1990-02-27T03:35:12.656655;Develop ago traditional.;NEUTRAL;56;95
564;2009-09-28T12:00:45.825493;International reflect blood tree much.;SUPPORT;23;60
565;1990-12-04T06:07:45.198931;Out newspaper capital because hotel music necessary common.;SUPPORT;75;32
566;2013-08-01T07:05:46.127051;Time land here.;NEUTRAL;18;11
567;2019-09-08T09:50:53.081945;Order behind fast beautiful also.;OPPOSED;5;75
568;1978-03-17T01:56:24.223088;Watch product partner young.;NEUTRAL;93;25
569;2016-07-26T07:14:54.649832;Around hear half.;NEUTRAL;39;48
570;1999-03-29T08:18:37.882437;Education still add will.;OPPOSED;61;29
571;2008-05-23T11:38:02.645265;Office continue base already close serious mouth.;OPPOSED;64;73
572;1996-11-06T08:50:27.764533;Vote stage control century able million.;DEFAULT;7;72
573;1971-05-09T06:00:39.435084;Region sing east follow pull despite entire.;SUPPORT;21;41
574;2013-09-25T04:54:06.922140;Product field those each unit.;NEUTRAL;81;7
575;2003-09-26T15:08:22.344244;Inside price no interest phone idea.;OPPOSED;44;27
576;2014-04-28T05:14:20.444934;Report win safe Republican ago necessary bag.;OPPOSED;33;55
577;1976-08-23T22:38:09.250130;Free tonight fly green money attack fund training.;DEFAULT;54;91
578;2021-02-03T07:20:30.324270;Son space table government.;OPPOSED;94;94
579;2021-04-16T19:19:54.483962;Majority help fact relationship.;NEUTRAL;19;20
580;2015-09-29T10:53:28.210462;I admit south.;DEFAULT;11;60
581;2012-04-22T21:50:49.954703;Behind officer computer fight break teacher institution.;OPPOSED;69;72
582;1981-07-04T13:19:39.483675;Hold single close raise relate increase with attorney.;DEFAULT;49;69
583;1980-02-27T13:20:23.349296;About return commercial build pass event adult.;NEUTRAL;2;67
584;2009-05-10T16:24:25.995555;Perform fish customer almost.;DEFAULT;27;96
585;2006-12-03T02:32:46.285167;Personal pressure various affect enough.;OPPOSED;53;86
586;1994-02-25T02:40:02.922300;Feeling population speech cell add might.;SUPPORT;85;89
587;2005-10-17T04:58:20.568111;Good voice director become.;DEFAULT;72;54
588;1978-03-08T07:23:11.328952;Shake energy this federal movement your meet.;NEUTRAL;21;15
589;1996-05-07T19:26:56.476745;Training important wish large should.;SUPPORT;2;29
590;2000-03-20T10:09:45.744448;Argue determine discussion response glass hotel probably.;SUPPORT;69;74
591;1984-12-23T18:57:01.437173;Charge describe car list style action.;NEUTRAL;43;4
592;1996-07-08T07:06:59.026686;Its especially week task accept record sort.;OPPOSED;70;93
593;2016-12-11T18:42:43.013909;Indicate significant third before animal officer.;NEUTRAL;64;36
594;2022-11-13T19:34:06.795326;Determine institution teach game consumer determine.;OPPOSED;10;94
595;1972-04-13T11:03:33.098972;Lose country future well I image face.;NEUTRAL;72;54
596;2010-01-01T12:19:08.209394;Hour rather draw prevent.;SUPPORT;68;11
597;1976-02-04T21:31:03.191418;Top bit former hand suggest what the.;OPPOSED;74;8
598;2009-11-09T08:15:34.547864;Position skin society yourself marriage next prevent.;NEUTRAL;11;37
599;2021-01-23T15:51:04.157292;Onto radio how price.;SUPPORT;32;24
600;1986-07-13T05:57:37.519474;Charge station magazine heart.;DEFAULT;81;9
601;2010-01-04T10:15:42.136860;Life meet nearly religious look.;DEFAULT;17;29
602;2009-10-02T08:19:51.731824;Final friend table themselves.;NEUTRAL;51;31
603;1998-07-24T18:20:50.797253;Huge new general move wonder will base.;OPPOSED;2;1
604;1988-01-01T21:34:45.906076;One traditional manage major above.;DEFAULT;2;55
605;2025-05-30T06:20:28.823514;Husband right something her prevent miss.;NEUTRAL;67;92
606;1994-05-30T07:59:05.534385;Particularly nothing it history appear.;DEFAULT;15;49
607;1970-10-13T21:23:18.146906;More quite something contain couple media event.;OPPOSED;57;85
608;1977-03-24T13:44:45.296543;Add able Mr writer particular room health.;OPPOSED;4;14
609;2016-01-02T14:32:30.779103;Seven reality say.;NEUTRAL;17;27
610;2025-06-19T08:11:40.471740;Require week provide.;SUPPORT;79;81
611;2020-12-21T08:28:29.133952;Determine no word treat attack field give.;NEUTRAL;90;91
612;1973-02-03T12:40:27.863877;Education computer visit smile start.;DEFAULT;4;54
613;1987-11-16T14:49:30.230532;Technology future reason enter.;NEUTRAL;99;81
614;1970-11-03T12:40:04.543077;Thank glass let window.;NEUTRAL;46;13
615;1995-01-06T12:58:31.126358;Practice allow out eat standard.;SUPPORT;31;75
616;2006-05-04T14:18:40.191218;Director whose respond city gas foreign respond.;NEUTRAL;63;98
617;2012-04-16T21:04:33.097199;Find relationship Democrat news agree try who.;OPPOSED;23;42
618;2016-08-17T21:24:37.014899;Notice movie condition difficult lead.;SUPPORT;37;9
619;1976-05-04T01:33:34.489791;Bag alone brother few anyone.;DEFAULT;38;99
620;2007-10-13T18:03:44.628749;Address offer arrive sea much cell leave.;NEUTRAL;16;98
621;1972-04-30T21:32:27.613357;Police election population simply prepare improve kid.;DEFAULT;36;80
622;1972-05-24T00:23:25.519341;Night wait include.;SUPPORT;37;48
623;2014-06-05T13:32:59.781595;System firm show letter others.;OPPOSED;57;73
624;1997-12-19T22:21:58.400546;Concern that themselves become hour sometimes.;OPPOSED;10;36
625;2015-02-22T08:27:37.209171;Able close listen go could audience.;SUPPORT;70;33
626;2022-08-25T22:02:24.018201;He audience space worry.;OPPOSED;68;41
627;1989-07-03T19:37:52.773713;Risk something political mean reveal.;DEFAULT;70;97
628;1979-12-26T18:35:09.563951;Team staff account eat Congress hair financial.;OPPOSED;7;15
629;1986-06-09T15:50:33.875597;Class first country hit pick practice develop increase.;DEFAULT;66;70
630;1987-11-03T21:51:05.368957;Push us year early hot.;DEFAULT;50;94
631;2013-05-19T15:22:53.898271;Miss yes will father imagine Democrat media.;SUPPORT;74;39
632;2013-02-16T17:37:10.630061;Add above improve discussion option but.;DEFAULT;59;22
633;2016-11-13T03:32:22.703053;Serious give include exactly nearly speech.;DEFAULT;47;15
634;1993-06-26T18:40:50.696170;Important walk authority type step affect.;OPPOSED;72;39
635;2009-02-16T23:57:21.837677;Bring relate clear room.;OPPOSED;94;81
636;2002-04-16T15:51:05.624206;Up author build thing growth age.;SUPPORT;3;64
637;2020-03-07T09:32:33.338614;Who attention support.;NEUTRAL;48;7
638;2005-12-12T08:05:01.829172;Style area there page attack cut himself sound.;SUPPORT;30;8
639;2003-01-27T03:54:07.941345;Throughout beautiful herself machine analysis entire political beat.;OPPOSED;87;36
640;2010-09-04T01:48:09.106065;Big region use argue.;NEUTRAL;91;72
641;1975-05-12T18:41:39.923006;Continue likely go back writer reveal despite.;SUPPORT;7;17
642;1993-02-21T04:35:54.246635;Million themselves school.;DEFAULT;63;96
643;1973-11-07T09:04:50.213410;Listen treatment doctor share establish.;OPPOSED;76;54
644;1985-07-04T01:40:55.715489;Worry general owner attention know former.;NEUTRAL;43;24
645;2007-10-23T05:49:24.899019;Ten reveal fill soon out minute positive.;NEUTRAL;61;18
646;1974-08-14T06:31:52.228166;Reduce type rule rise.;OPPOSED;76;21
647;2018-04-16T01:25:08.801439;Church nice pick modern.;OPPOSED;68;17
648;1970-05-29T05:09:19.202675;Center available store administration politics nature.;DEFAULT;52;54
649;1986-09-27T07:09:41.266024;Father amount organization campaign.;SUPPORT;93;88
650;1977-03-17T11:37:36.907342;Majority product tend care.;DEFAULT;65;47
651;1973-12-13T01:53:59.293937;Cold prevent song treat leg.;SUPPORT;11;90
652;1971-07-06T17:16:16.726469;Note town simple agree about condition tonight.;NEUTRAL;72;27
653;2003-05-14T01:07:53.152318;Bar third perform.;NEUTRAL;20;10
654;2025-08-28T20:22:29.843020;Campaign eight appear need loss worker resource.;OPPOSED;76;47
655;1989-12-26T20:39:23.699425;Suddenly candidate evening team example design social.;DEFAULT;53;88
656;2000-06-03T09:36:16.208060;View early show by.;NEUTRAL;49;88
657;2023-02-12T21:37:26.307091;Top apply fly listen sister.;DEFAULT;12;47
658;1991-01-04T18:54:29.048722;History idea billion successful consider hand.;SUPPORT;54;44
659;1975-10-15T01:25:40.710243;Learn consumer discover culture right actually.;OPPOSED;78;9
660;1995-11-01T06:23:08.994879;Citizen deep but film skill north but.;DEFAULT;81;23
661;1973-04-24T11:41:36.530404;Produce poor small society rest.;SUPPORT;5;52
662;2003-09-05T05:28:31.995970;Notice people blood.;OPPOSED;27;62
663;2006-04-24T16:54:28.094161;Current hot very.;SUPPORT;83;37
664;1971-01-12T17:09:56.348435;Training final see return campaign size.;OPPOSED;52;71
665;2024-07-16T10:48:57.291003;Represent personal reality send.;OPPOSED;97;17
666;2013-11-02T15:00:55.669703;Lose individual provide.;OPPOSED;46;95
667;1996-11-16T20:26:40.203267;Fight to box well across.;DEFAULT;80;42
668;1970-06-09T17:40:49.414021;Mention security walk traditional dog chair.;OPPOSED;43;93
669;1974-09-25T23:10:39.678560;They appear raise late kitchen issue which.;DEFAULT;57;63
670;2004-10-29T12:36:26.666995;Single risk so keep current fish idea.;NEUTRAL;14;20
671;1989-08-17T10:41:27.063497;Trade agency view establish up memory wish.;DEFAULT;94;75
672;1993-03-31T12:48:01.221677;Growth meeting dinner support.;NEUTRAL;56;11
673;1996-04-09T19:56:38.365591;Alone poor save.;OPPOSED;26;45
674;1997-12-06T14:30:53.036369;Set appear present ever throw later score.;SUPPORT;77;12
675;2023-05-07T16:43:03.243709;Share learn laugh toward magazine.;DEFAULT;33;45
676;1985-07-10T06:30:19.978752;Must health positive system join peace.;OPPOSED;33;35
677;1998-07-09T02:05:38.596205;Nature member important nearly.;OPPOSED;25;88
678;2003-03-02T23:36:05.847376;Pattern sea her prove employee network wind.;NEUTRAL;46;49
679;1987-01-18T15:38:35.475132;Trouble produce road stock tree war audience strong.;OPPOSED;27;22
680;1998-12-26T04:27:07.213919;Oil man international left billion.;OPPOSED;3;7
681;2009-12-04T10:54:56.461919;Increase life we itself lose less.;OPPOSED;80;47
682;2019-11-04T03:08:40.600850;With concern member according two.;DEFAULT;42;24
683;2012-02-19T18:21:16.730427;Official change figure perhaps past company full pick.;DEFAULT;21;18
684;2007-12-12T13:19:43.225956;Wait recognize buy itself other black.;OPPOSED;3;66
685;2017-10-23T20:42:21.343973;Right scene large born dark blood.;SUPPORT;5;10
686;1972-03-15T19:03:48.694079;Consider yourself although.;NEUTRAL;84;33
687;2006-10-09T17:04:21.023820;How others admit least local.;OPPOSED;44;50
688;2018-01-27T06:51:55.754843;Share future citizen view.;SUPPORT;60;76
689;1994-12-11T04:41:50.508057;Middle sell manage movie once notice believe.;DEFAULT;65;95
690;2002-05-21T09:44:46.799804;Join sign run rock table civil.;DEFAULT;95;20
691;1995-07-12T13:56:35.674837;Foreign page happy write return hundred.;DEFAULT;36;86
692;1996-04-19T19:42:01.304786;Begin daughter career class.;NEUTRAL;89;30
693;2020-06-02T06:24:58.630042;Watch as project probably American leader career.;NEUTRAL;97;13
694;1973-12-31T02:38:59.601586;Send country left.;DEFAULT;30;80
695;2003-06-08T05:10:18.545599;Ten nearly social here.;NEUTRAL;26;43
696;2015-08-22T18:07:07.478729;Benefit fire cost arrive contain.;DEFAULT;79;73
697;1982-04-14T05:07:55.164211;Current sign else lay.;DEFAULT;50;19
698;1972-08-19T19:27:09.386583;Throughout everyone treatment behind already lay response.;OPPOSED;13;4
699;1998-06-15T21:06:59.789509;Red manager artist Mr note.;NEUTRAL;95;29
700;1988-11-06T19:52:57.920944;Catch energy lose pull on pull finally.;OPPOSED;62;18
701;2009-08-04T16:48:53.768491;Character commercial cause total course computer.;NEUTRAL;3;16
702;2009-01-05T21:16:11.586394;Especially give prove development.;DEFAULT;19;46
703;2007-09-10T10:07:56.662864;Reveal of understand serious glass their order.;NEUTRAL;46;80
704;2025-07-12T00:16:12.454153;Idea ready store explain can speak.;OPPOSED;43;42
705;2016-02-08T09:34:17.609323;People have assume population election TV.;NEUTRAL;28;29
706;1997-04-21T21:58:14.347143;People expert develop animal indicate.;OPPOSED;15;73
707;2021-06-20T01:27:20.427554;Then office look low himself.;OPPOSED;65;60
708;2019-02-09T20:57:35.058339;Commercial space low.;SUPPORT;2;66
709;2022-06-16T15:57:45.003906;These across piece.;NEUTRAL;69;49
710;2013-09-30T13:40:56.938510;More until key drive whole fact.;DEFAULT;72;93
711;2011-05-01T17:48:39.349270;Already house contain.;NEUTRAL;74;82
712;2022-12-11T06:56:06.851548;Physical deal size act range.;SUPPORT;44;33
713;2011-09-23T11:01:17.288799;Amount general performance them many rate rest.;DEFAULT;76;1
714;2002-07-12T04:11:43.138902;Level parent its couple north quite from.;NEUTRAL;29;3
715;1986-04-27T12:27:23.943574;Cut agreement try party thing author rich.;OPPOSED;47;92
716;2007-12-17T06:52:05.509362;Card condition tree picture many upon interest your.;OPPOSED;31;79
717;1993-02-11T03:22:44.692263;Shoulder name season end provide.;OPPOSED;84;74
718;1970-11-25T03:01:35.814357;Walk issue let.;NEUTRAL;67;13
719;2015-10-15T18:32:00.330783;Evidence wide true ok.;DEFAULT;84;70
720;2012-12-30T09:25:23.654408;Imagine door carry baby teacher decide power get.;DEFAULT;97;72
721;2015-07-16T13:26:48.523230;Hair fish trial edge let.;DEFAULT;68;83
722;1977-04-24T20:57:56.327391;Bank decision participant attention close almost letter.;OPPOSED;63;77
723;1977-07-20T23:52:50.922510;Decide accept throughout foreign dinner blue.;DEFAULT;36;6
724;2018-04-07T22:35:10.795454;Degree movie could quickly.;DEFAULT;40;29
725;1996-01-28T20:22:49.229373;Within black education three cup.;OPPOSED;82;27
726;2015-05-04T22:51:25.377746;Rule similar identify.;OPPOSED;21;75
727;1993-09-27T02:02:24.753633;Crime child outside report policy.;NEUTRAL;2;81
728;1999-06-01T20:47:32.652623;Our television animal firm final structure.;NEUTRAL;13;38
729;2012-12-28T23:38:06.068610;Stop should glass off budget.;NEUTRAL;18;48
730;1988-09-05T13:48:36.856051;Drop low land statement someone he.;DEFAULT;19;47
731;1989-10-02T00:58:38.788908;Single year whose small former activity.;NEUTRAL;21;62
732;2020-06-08T01:47:45.516228;Cover record example benefit.;SUPPORT;38;89
733;1980-02-02T01:04:20.694136;Show majority building quite start contain court.;DEFAULT;60;9
734;2020-11-05T23:08:58.774254;Artist here there mouth weight different thank.;NEUTRAL;59;69
735;1996-01-09T00:33:22.316084;Must write group cold century.;SUPPORT;67;91
736;2015-11-25T01:05:08.391114;There have discussion measure.;OPPOSED;31;38
737;1996-10-15T15:42:58.945420;Mrs I partner tax wind cause situation road.;DEFAULT;4;12
738;2011-04-28T20:00:21.701172;Above son now feeling skill how join.;DEFAULT;85;27
739;1970-08-06T11:24:44.505044;Southern want heavy good fall.;OPPOSED;23;93
740;2004-01-30T14:17:15.121924;Large avoid building study record.;SUPPORT;100;70
741;1996-02-17T21:13:39.737560;Ahead analysis environmental market kid.;OPPOSED;79;25
742;2016-05-22T18:39:13.337431;Time them interesting.;OPPOSED;61;80
743;1989-03-13T15:41:28.299585;These blood order sign.;DEFAULT;70;35
744;1970-11-24T08:10:19.128291;Kind manager debate line form guy his.;DEFAULT;34;82
745;2016-04-20T17:14:44.305905;Call usually tend next.;NEUTRAL;21;98
746;2011-10-10T12:04:45.343873;About keep our.;NEUTRAL;22;88
747;1993-05-21T10:54:17.427943;Car center mother result later.;DEFAULT;5;27
748;1997-12-27T02:42:32.246458;Bed support whether.;SUPPORT;7;77
749;1980-04-21T12:59:53.355100;Democratic near opportunity manager country.;DEFAULT;75;61
750;1991-11-06T06:58:15.971758;Tonight central blue white long green people.;SUPPORT;32;74
751;2015-01-18T15:32:17.502412;Evening wonder and north skill should.;SUPPORT;57;37
752;1982-11-23T11:12:59.220161;While but hand carry.;NEUTRAL;34;37
753;2002-04-16T02:33:22.207236;Pass pass worry benefit.;DEFAULT;87;32
754;1975-01-31T12:35:46.571282;Where region prepare financial speech.;NEUTRAL;65;16
755;1986-08-13T21:45:00.410040;Everyone staff how night painting center.;DEFAULT;13;77
756;1976-07-12T09:28:08.999897;Wear lay attorney though without.;OPPOSED;83;56
757;1976-11-19T02:04:18.235279;Best manager also maintain send center.;DEFAULT;78;19
758;2012-09-15T20:35:23.032250;Reason let move break mission upon similar.;OPPOSED;22;48
759;2003-04-28T03:21:15.916499;Avoid magazine picture that enter friend.;NEUTRAL;47;71
760;1995-04-22T21:09:12.712858;Attorney so they main space adult structure.;NEUTRAL;81;9
761;1998-08-30T17:49:48.539823;Many skill care course.;SUPPORT;86;89
762;1987-03-17T16:15:08.892928;May couple kind discussion.;DEFAULT;78;94
763;2022-12-31T18:22:36.115935;Shoulder hour child moment individual national recognize.;NEUTRAL;63;1
764;1983-08-31T09:59:22.729770;Truth might risk seven agreement second without.;OPPOSED;98;88
765;2018-03-11T11:41:23.329635;Door material seven read.;SUPPORT;44;55
766;1971-05-06T13:54:59.166156;Herself two upon local.;OPPOSED;57;95
767;1995-04-15T13:25:01.247851;Build wonder painting reality ask son opportunity program.;NEUTRAL;42;27
768;1982-10-22T11:09:28.652900;Might discover my election design yes.;DEFAULT;86;34
769;1983-12-14T08:15:25.658515;Want security example personal field.;DEFAULT;92;51
770;1970-04-26T20:14:57.046839;Society page development myself herself front prepare.;OPPOSED;85;83
771;2023-03-30T16:11:16.331017;Day what successful kitchen security.;NEUTRAL;92;62
772;1999-03-23T21:26:16.803317;Plant sell ground himself raise instead whatever.;SUPPORT;36;30
773;1993-04-17T04:11:09.334136;Price eye author next couple expert.;DEFAULT;7;55
774;2022-06-28T05:33:25.506082;Tree stuff message of often national color ten.;NEUTRAL;45;11
775;1971-10-16T22:50:02.134813;Recognize home capital speech sense how.;OPPOSED;73;17
776;1982-03-26T03:50:00.355533;Different door now sister next.;NEUTRAL;10;29
777;1987-10-01T03:01:19.600913;Activity activity wind issue.;NEUTRAL;4;76
778;1988-10-22T19:33:42.560381;Require him evening sell sometimes return professor.;SUPPORT;47;87
779;1974-05-07T14:45:53.042465;Pm field sell bit lead full daughter.;OPPOSED;95;99
780;1994-06-19T14:58:17.391557;Expert store join beyond shake claim.;OPPOSED;86;31
781;1979-05-11T21:52:20.315478;Far memory nice middle animal young those score.;SUPPORT;91;88
782;1979-10-21T18:22:14.010782;Bill reach common.;DEFAULT;76;67
783;2017-02-18T03:18:29.208396;As professional life inside.;OPPOSED;77;7
784;2022-10-02T01:38:15.868168;Song share difficult catch resource artist.;NEUTRAL;67;47
785;2006-04-29T04:55:17.587301;Watch product movie room fill.;SUPPORT;48;29
786;1977-07-05T10:38:44.893893;Significant history music exactly job home center.;OPPOSED;86;96
787;1970-02-20T18:49:43.532432;Science conference become gas position.;OPPOSED;27;53
788;2013-09-06T03:46:27.152462;Or minute natural sit indeed.;OPPOSED;81;13
789;2009-08-28T08:46:22.149187;Study debate structure understand benefit many support.;NEUTRAL;73;32
790;1988-08-25T22:06:59.330885;Nation sell grow former choose participant special.;NEUTRAL;8;46
791;1977-07-24T12:40:47.750318;Simply sell every matter trade sound single.;NEUTRAL;28;43
792;1987-10-27T23:13:02.690259;Thank enough body church part.;DEFAULT;91;9
793;1999-10-04T22:59:07.442086;Whether Democrat represent decision speak.;DEFAULT;44;31
794;2006-04-20T15:34:26.880808;Necessary job image factor great couple out.;DEFAULT;33;86
795;2012-02-27T14:43:58.845837;Buy within series issue ask stand buy leave.;SUPPORT;63;77
796;1982-01-18T15:16:54.375348;Stage street meet natural.;NEUTRAL;2;49
797;1999-06-24T12:16:31.601094;Sister new huge investment right tell hope.;DEFAULT;58;28
798;2009-06-15T09:15:14.034087;Practice attack positive level base night.;DEFAULT;74;60
799;1997-01-19T07:40:28.600797;Identify nothing third rate particularly agreement section.;SUPPORT;3;68
800;2002-04-24T18:15:21.316611;North grow enjoy.;DEFAULT;59;62
801;1974-07-11T19:53:40.809046;Foreign offer other.;DEFAULT;66;52
802;1983-12-23T18:39:40.059221;Budget more should yard make.;DEFAULT;48;35
803;2003-04-18T22:43:04.285369;Those partner law class someone there candidate southern.;DEFAULT;100;29
804;1984-05-10T19:36:46.200771;Lay need notice successful.;SUPPORT;77;69
805;1999-08-26T19:25:07.667553;Shoulder author soldier federal accept cultural later.;SUPPORT;39;67
806;1980-04-17T14:02:50.956288;Term measure type meet opportunity very despite.;SUPPORT;76;15
807;2020-08-14T08:28:13.321637;Technology million watch station pick action hear.;NEUTRAL;13;23
808;2000-07-13T03:14:05.813211;House expert while.;SUPPORT;50;56
809;2013-09-02T20:20:53.154351;Open nor view theory.;OPPOSED;51;82
810;1992-03-11T01:24:28.936549;Food will source action inside development.;OPPOSED;25;8
811;1982-04-20T11:47:01.232970;Health least garden maintain officer democratic.;DEFAULT;33;59
812;1982-02-26T23:05:50.857339;Mission draw senior avoid why.;DEFAULT;36;5
813;1996-09-14T10:46:15.372898;See rich eight size.;DEFAULT;43;36
814;2019-11-26T12:30:54.426830;Though cell argue door.;NEUTRAL;2;31
815;2025-03-28T01:48:03.076781;Central particularly sea.;OPPOSED;73;99
816;1973-12-09T03:07:51.643601;Officer realize section public simply network.;NEUTRAL;65;71
817;2013-12-19T02:29:15.582122;Father chair strong box.;NEUTRAL;44;95
818;1976-03-02T04:55:56.414263;Continue scene professor performance night.;DEFAULT;9;23
819;2015-02-04T21:51:15.005399;Month reduce foreign pull.;SUPPORT;16;66
820;1998-10-04T03:03:43.821514;Gun ready live laugh voice investment cold.;NEUTRAL;48;82
821;2018-08-31T19:52:35.608237;Land challenge candidate.;SUPPORT;97;20
822;2003-09-22T08:52:16.386666;Level year drive natural middle paper.;SUPPORT;100;7
823;1975-07-07T19:45:21.992849;Example actually between current agreement see tax.;NEUTRAL;53;2
824;2019-08-06T07:31:16.663264;Move scientist anything street form hand.;DEFAULT;25;77
825;2006-05-21T09:54:43.931510;Middle discover idea activity race conference.;SUPPORT;70;14
826;2005-06-26T07:41:01.190474;Garden goal wait strong.;SUPPORT;77;94
827;2014-06-08T04:59:21.421899;Girl kind maintain eat hotel commercial.;SUPPORT;4;52
828;1990-03-15T00:13:04.300900;Mention democratic child several how decide student.;NEUTRAL;31;84
829;1988-03-09T03:02:10.569569;Factor still parent realize.;OPPOSED;28;70
830;2008-09-18T21:37:43.031399;Real break what view network case.;NEUTRAL;66;82
831;1989-09-19T07:47:27.543699;Explain economy total up company today cost interview.;SUPPORT;53;72
832;1975-07-31T07:32:46.964126;Threat today all.;SUPPORT;48;96
833;2023-12-22T05:37:05.180932;Around response seek employee ago building happen almost.;DEFAULT;90;27
834;1991-06-19T08:03:46.775838;Industry technology partner section.;DEFAULT;75;39
835;1978-12-02T16:03:19.177976;End not various Democrat leg magazine ahead all.;SUPPORT;36;44
836;1977-06-19T04:44:50.191492;Send something factor section entire allow eye medical.;NEUTRAL;29;92
837;1979-01-14T04:58:39.716497;Stop major challenge consider offer item.;OPPOSED;86;75
838;1990-02-17T06:40:17.345559;Present federal assume student return.;NEUTRAL;27;39
839;1972-05-04T09:48:46.217517;Despite meeting husband order various answer.;SUPPORT;74;23
840;2004-08-05T23:00:52.708522;Major finally theory explain wear.;DEFAULT;92;34
841;1998-03-02T17:42:53.106284;Front also expect.;DEFAULT;85;23
842;1989-03-24T21:40:06.587595;Each team toward prepare those another.;OPPOSED;45;94
843;2004-05-13T09:33:04.575136;Least nor represent offer.;DEFAULT;87;29
844;1984-08-16T22:26:52.445017;Mrs that stock eight.;SUPPORT;21;22
845;1982-03-27T02:03:54.997156;Event discuss investment really affect.;OPPOSED;54;43
846;1993-05-24T13:33:22.134895;Strong people space when range contain sister as.;NEUTRAL;17;43
847;1978-03-28T15:57:05.472323;Six address senior player eight of month.;DEFAULT;23;37
848;1983-06-27T07:22:43.771408;Also minute practice.;SUPPORT;1;56
849;2002-06-03T00:44:06.052807;Particular court medical could.;OPPOSED;11;73
850;1989-02-20T10:08:44.239011;Plan series difference because force always drug economic.;SUPPORT;4;23
851;2025-04-09T20:59:53.501222;Certain share without today fall community cost.;DEFAULT;71;85
852;1992-06-18T21:20:19.712898;Part individual here cut.;SUPPORT;65;74
853;2017-07-31T00:42:52.549578;Various live likely or or.;OPPOSED;86;54
854;2006-04-16T10:13:11.829018;There education company end determine firm rich.;DEFAULT;28;89
855;2014-02-12T11:28:48.918914;Such food enough fast way hope.;DEFAULT;32;96
856;1973-10-12T08:03:49.277061;Keep daughter without very medical power reduce.;OPPOSED;27;19
857;2009-03-08T19:30:14.202605;Always success final environment ask back himself.;DEFAULT;17;79
858;2008-12-18T14:47:02.308702;Economy then return same what rise authority including.;NEUTRAL;87;18
859;2007-08-18T19:26:56.834555;So audience officer affect few.;NEUTRAL;7;20
860;2009-11-21T23:51:43.941277;Responsibility avoid sort lot play meet.;DEFAULT;85;1
861;1976-12-04T01:23:52.362008;Least since project type see mention.;OPPOSED;10;69
862;1993-05-27T15:22:57.559893;Special man dark can strategy student dinner.;DEFAULT;95;88
863;1977-05-24T19:34:51.323713;Pattern out here break executive.;NEUTRAL;69;17
864;2020-06-14T04:25:14.836026;War once fund tonight official watch fight.;NEUTRAL;43;25
865;2023-01-16T08:18:55.330070;Floor space care impact test service.;NEUTRAL;97;37
866;2016-01-22T22:54:01.065103;Help half main discussion yes street I.;SUPPORT;4;41
867;1978-02-10T20:13:32.473696;Responsibility give strong task sometimes boy turn.;DEFAULT;41;57
868;2006-08-06T17:21:42.190080;Movie television PM four majority TV.;DEFAULT;90;65
869;2015-05-15T07:43:51.929446;Before turn provide one piece.;SUPPORT;48;14
870;2004-03-27T05:41:46.290799;Side hand just opportunity walk though window.;OPPOSED;20;68
871;2014-12-17T15:33:57.842844;Then enter wind government record.;SUPPORT;52;39
872;2002-04-15T03:59:46.144316;Appear detail past the.;SUPPORT;72;87
873;2004-06-19T10:40:31.238020;Peace themselves modern early everyone.;OPPOSED;8;25
874;1972-01-23T19:38:26.916701;Suggest month say present could everybody draw.;NEUTRAL;48;32
875;1987-01-29T16:04:32.772985;Appear across about baby spend.;SUPPORT;89;41
876;1990-01-28T21:40:49.714171;Blood ability much necessary yard card face imagine.;NEUTRAL;86;13
877;1977-03-05T01:02:13.447895;Buy gun price what someone tonight however.;OPPOSED;73;19
878;1982-07-24T10:27:13.912776;Around present front write art some.;OPPOSED;46;15
879;1991-07-21T11:08:23.479260;Report wrong tend find order us.;SUPPORT;1;35
880;1984-03-02T19:16:12.308376;Cost expect international after idea open ever.;NEUTRAL;53;22
881;1978-09-19T06:44:55.241369;Appear good decide TV sport personal.;DEFAULT;38;43
882;2007-10-20T03:18:33.891894;Movement argue property Mr plan woman understand.;DEFAULT;70;77
883;1970-12-23T17:08:45.696702;Inside individual without trip clear must.;NEUTRAL;10;65
884;2006-12-31T10:34:09.949066;See response pay weight item.;OPPOSED;45;82
885;2013-01-23T09:19:22.447179;Miss every moment stay.;NEUTRAL;53;57
886;1973-06-12T14:47:10.052131;Hundred law decide.;OPPOSED;78;50
887;2001-04-05T08:04:30.048209;Group project popular must major particularly.;OPPOSED;80;71
888;1990-07-01T19:01:34.250081;Health include health girl end friend.;DEFAULT;19;45
889;1994-01-23T05:34:29.312136;Edge chair decade marriage blood little usually mean.;NEUTRAL;71;74
890;2024-11-06T10:41:22.235832;Spring free actually food community television then.;SUPPORT;22;94
891;2014-10-27T07:48:16.760953;Job different not do agree tax effort decade.;DEFAULT;67;61
892;1970-07-05T05:45:46.629758;Food field myself size wear anything.;SUPPORT;94;92
893;2012-05-15T07:09:49.508589;Particular happy a decision.;SUPPORT;42;95
894;2001-07-08T21:02:31.486220;Free remain dream east cell factor.;SUPPORT;32;53
895;1994-10-11T11:54:24.441591;Career young road sea miss husband.;OPPOSED;58;42
896;2002-05-07T05:04:47.821020;Whether none else every sell.;OPPOSED;39;96
897;1998-10-05T04:52:15.499506;Remain him five drug imagine tree would.;NEUTRAL;15;68
898;2022-11-01T17:05:01.164321;Peace property cause win activity voice before.;OPPOSED;73;92
899;2016-03-21T17:16:34.365429;Window half represent.;OPPOSED;24;69
900;2012-12-16T08:16:49.921692;Book city huge.;SUPPORT;89;50
901;2015-08-19T11:14:12.990519;Bar series minute.;OPPOSED;98;23
902;2019-07-14T05:02:03.217222;Recent third garden which appear nothing collection.;NEUTRAL;64;90
903;2013-11-07T12:54:44.552913;Hard education method so section.;SUPPORT;78;2
904;2010-03-24T16:57:30.579010;One better could risk board drive agreement.;SUPPORT;83;95
905;1993-06-04T12:44:00.137068;Seat concern job decide see participant.;NEUTRAL;40;26
906;1988-11-25T22:43:55.200924;Could lose but some investment trouble.;OPPOSED;13;91
907;2017-07-27T20:40:03.784922;Indicate accept series.;SUPPORT;4;25
908;1990-03-20T01:46:38.695334;Along expect staff play woman add.;SUPPORT;57;36
909;1977-06-12T05:45:12.903260;Water from up arrive option line wish event.;SUPPORT;53;17
910;2019-06-02T10:28:27.787989;Stock star attention sell would notice wrong.;NEUTRAL;82;59
911;1997-08-28T22:06:45.697859;Citizen certain feeling rise.;OPPOSED;87;34
912;1980-11-10T12:44:26.432734;Pass growth him light represent conference fall.;NEUTRAL;37;16
913;2014-07-03T05:54:19.946174;Line bill through big.;OPPOSED;69;7
914;2008-05-06T02:05:56.520652;Game risk beautiful know.;OPPOSED;14;46
915;2010-08-07T11:57:48.370666;Prevent market thus region.;NEUTRAL;98;11
916;2013-03-06T01:55:09.997444;Act fly commercial successful father team under remember.;SUPPORT;76;25
917;2001-05-03T17:43:26.540564;Specific call name budget pick enough among give.;OPPOSED;30;33
918;2004-12-13T13:16:59.124096;Seat where watch three fish.;SUPPORT;99;16
919;1983-05-20T14:00:50.463661;Else high might theory hot to year side.;OPPOSED;60;11
920;2024-07-17T02:37:26.235713;Would sometimes million assume charge move western.;SUPPORT;17;16
921;1991-09-11T06:46:17.914258;Happen friend institution from number without professor.;SUPPORT;58;1
922;2003-04-20T00:42:57.868039;Once establish condition store institution board.;SUPPORT;85;88
923;2003-07-20T19:54:07.677436;Less stage mission according fall.;DEFAULT;8;96
924;1996-11-04T02:41:53.155657;Yeah player personal anyone between born.;DEFAULT;25;23
925;1972-10-21T18:51:30.013780;Increase cut decide west hard.;OPPOSED;88;94
926;1992-05-25T05:55:26.617879;Fish product within operation project capital hot.;SUPPORT;69;47
927;1975-10-13T18:16:39.400111;Pass happy entire understand particular PM.;SUPPORT;15;77
928;1978-12-30T20:04:42.575428;Bag than consider officer after laugh activity.;SUPPORT;69;28
929;2000-09-22T18:44:38.513928;Fund cell question one room money.;OPPOSED;98;21
930;1985-12-23T07:22:21.510157;Different growth religious perform business air.;NEUTRAL;15;41
931;1976-02-20T11:50:50.735437;Newspaper several table and protect.;OPPOSED;68;26
932;2012-12-13T04:56:18.483805;There remain they national blue.;DEFAULT;28;77
933;1994-04-05T04:24:40.295252;Suffer soldier whatever do.;OPPOSED;35;5
934;2021-11-19T12:38:46.613328;President third police maybe soon see.;DEFAULT;23;97
935;1988-06-28T04:58:41.450410;Respond behind air you its.;NEUTRAL;55;12
936;2007-11-24T18:25:21.369887;Scientist avoid food short accept voice.;DEFAULT;53;98
937;2000-09-13T19:23:28.613582;Price small partner to.;OPPOSED;83;78
938;1972-02-26T00:10:28.889775;Skin memory end both else should capital.;OPPOSED;19;81
939;1981-06-25T11:22:18.500107;Tell safe war not believe it.;DEFAULT;64;61
940;1991-10-04T00:18:06.562951;Positive hand behavior building.;SUPPORT;69;23
941;1979-01-10T15:39:27.680327;Information close one reflect.;SUPPORT;25;61
942;1992-04-12T08:05:03.808878;Who fire could beyond forget movie very.;OPPOSED;71;36
943;1990-02-09T10:23:24.824659;Describe reason message say story there.;NEUTRAL;100;9
944;1974-09-12T14:40:47.268661;Beat miss moment show culture page lot.;NEUTRAL;67;93
945;2006-08-29T21:50:10.124591;Wind him identify television.;DEFAULT;2;64
946;2000-05-04T16:06:42.611717;Why sit bill coach.;DEFAULT;75;96
947;2018-09-02T15:38:31.231721;Foot than turn debate parent.;SUPPORT;24;56
948;1980-11-05T14:51:18.874792;Analysis lay identify figure its.;NEUTRAL;72;20
949;2006-08-19T07:37:32.086440;Article amount blue education perform form.;DEFAULT;96;82
950;2019-05-21T04:43:41.588389;Ago tree rise stand involve thus office.;OPPOSED;18;82
951;1978-02-17T10:32:23.635122;Not also administration popular.;OPPOSED;73;53
952;1976-03-14T01:19:01.969754;Possible area crime decade expert her.;NEUTRAL;55;14
953;1972-03-19T15:35:47.506865;Two approach interest visit everything.;DEFAULT;51;6
954;1976-09-23T18:38:27.571728;Character second senior show ok apply.;OPPOSED;74;78
955;1981-01-16T20:54:03.317630;Benefit join hundred research.;DEFAULT;56;17
956;1987-09-05T16:50:37.201774;Win Mrs factor care end close without.;SUPPORT;71;55
957;1985-02-09T18:37:24.794269;Scientist news race bad research.;SUPPORT;31;64
958;1982-02-14T12:24:27.485918;Air indeed others but.;NEUTRAL;8;18
959;1993-02-10T15:37:18.461069;Production bag another big.;DEFAULT;78;80
960;2019-05-28T20:39:32.880836;Run big usually message plan bed owner.;DEFAULT;6;60
961;1982-12-28T14:46:20.621047;Newspaper during again draw.;OPPOSED;35;63
962;1978-07-21T17:54:45.549546;Politics expert store ten ok.;NEUTRAL;21;96
963;1996-06-17T13:19:52.496667;Fall treatment left learn suggest nor.;SUPPORT;62;47
964;2003-09-29T02:50:10.079320;Least seem once offer.;NEUTRAL;76;31
965;1992-01-19T10:16:01.066594;Democratic hit set say.;OPPOSED;83;33
966;2018-09-13T12:05:36.035202;Above course agent start institution.;SUPPORT;34;23
967;2002-09-25T16:24:08.768629;No fire gas.;OPPOSED;14;45
968;1982-10-12T08:43:00.761793;Approach water read set share few assume.;DEFAULT;29;76
969;1987-09-04T10:34:44.034010;Score enjoy country some church professor radio.;SUPPORT;64;28
970;1993-04-24T10:45:56.526661;Ok suggest one.;SUPPORT;87;40
971;1997-05-26T02:04:16.826631;World executive president can peace form.;OPPOSED;35;6
972;1984-09-10T10:54:33.858935;Interest contain change.;DEFAULT;97;57
973;2016-12-22T15:57:32.507696;Knowledge mother staff.;DEFAULT;8;6
974;2017-03-26T13:09:39.572162;War seek stock avoid decide.;OPPOSED;56;57
975;1997-03-13T22:11:22.316905;Build leader left pass claim performance behavior drop.;OPPOSED;44;85
976;1974-04-30T21:40:52.621950;Rock eat along quickly perhaps.;DEFAULT;11;86
977;1975-05-19T06:22:22.839094;Town different although attorney social.;DEFAULT;77;61
978;2018-08-13T13:37:40.996726;Force individual either song shoulder which receive.;SUPPORT;60;96
979;2025-04-05T19:41:54.717954;Rather less Republican few wall resource edge night.;SUPPORT;74;24
980;1980-05-20T21:14:17.331410;Republican suggest significant her.;DEFAULT;72;7
981;1971-11-21T04:00:13.095796;Notice account seek citizen fund two go.;DEFAULT;83;55
982;2022-01-21T21:07:29.198050;Also trip hundred course charge.;NEUTRAL;23;81
983;2014-12-29T09:05:26.722349;Attack Republican drive while.;OPPOSED;52;78
984;2016-10-20T13:25:59.220957;Their enjoy religious.;OPPOSED;16;27
985;1991-02-04T22:21:45.272398;Amount area on remember lead.;NEUTRAL;97;54
986;1987-05-06T18:54:33.487256;Black art present our fire decade.;SUPPORT;41;88
987;1982-07-26T22:01:09.447360;Across thus indeed bank.;DEFAULT;71;4
988;1984-02-21T00:17:43.453302;Size street true pick building law suggest.;SUPPORT;83;60
989;2016-03-02T05:01:35.426211;Century trial themselves who road.;OPPOSED;88;4
990;1995-01-15T14:52:04.863490;Join marriage get inside contain occur.;DEFAULT;31;45
991;1987-02-05T02:35:30.462367;Leader whom military skin woman.;SUPPORT;81;52
992;2014-12-04T01:19:41.209427;Sport push pressure work.;DEFAULT;7;58
993;1972-10-10T05:00:29.470473;Table participant glass either billion fast agent.;NEUTRAL;7;64
994;2004-01-09T12:22:41.094712;Tough space name subject.;OPPOSED;53;5
995;1974-06-01T06:06:25.954174;High small research look member.;OPPOSED;11;71
996;2015-04-08T05:57:03.663075;Well event clearly theory water understand.;OPPOSED;86;35
997;1993-03-06T05:05:17.296709;End focus gas especially soldier like specific.;OPPOSED;81;35
998;1974-07-14T08:52:21.667959;Media some skill expert.;SUPPORT;55;20
999;1991-01-10T20:01:47.890765;First down south.;SUPPORT;35;27
1000;1985-08-15T00:06:57.914641;Relate without computer share.;SUPPORT;54;83
