id;at;content;keywords;status;visibility;account_id
1;1997-08-28T19:08:13.157464;Prevent thing get manager during. Bed let traditional.\nMust choice certain outside coach talk. Question result push deal cup. There agreement young from before job describe.;career, character, as, customer, model;VALIDATED;PRIVATE;60
2;2017-09-07T10:29:22.918807;Its place upon contain conference visit. Doctor red wall house surface amount.\nManager into low reduce structure pretty.\nNatural environmental describe book civil.;company, chance, let, account, pretty;PENDING;PRIVATE;27
3;2025-05-25T11:51:39.844248;Minute gas can. Group senior fall central. Ask win once stock protect ready ever.\nVery mean would let fear use other. Development lose care there center some.;there, plan, serve, happen, imagine;VALIDATED;PUBLIC;26
4;2009-07-11T14:31:42.193197;Capital hour first. Camera energy upon have least newspaper degree. She child final those from professor. Foot pass anyone audience radio fill card once.;total, start, allow, both, suggest;PENDING;PRIVATE;33
5;1977-01-24T22:31:10.520900;Else type sort within attack environmental professor. Form alone we I you change. Senior look without science organization nor.;term, thus, score, Congress, easy;VALIDATED;PUBLIC;31
6;2021-03-03T19:24:20.245066;First new area heavy worry wait. Evening new important position someone. Rule PM fly go.\nOne away middle star read really. Ten decide throughout kitchen risk house though.;hold, would, and, seem, short;SUSPENDED;PUBLIC;53
7;1981-05-30T06:20:48.048143;North certainly information choice fine spend. Example part three pay nation growth general. Discuss special gas small yard feel wind. Others truth mean threat debate.;share, near, really, goal, different;VALIDATED;PUBLIC;83
8;2025-03-11T09:34:41.437818;Ahead help find single perhaps would world. Staff them for current when.\nYeah everyone news amount rock friend. New close successful group.\nChoice talk seven respond hotel. Join box billion yard.;economic, happen, five, discuss, alone;VALIDATED;PUBLIC;51
9;1980-10-25T15:12:57.136111;Wait deal perhaps girl company woman political. Director deep four both town page. Boy part international high a wear wish.\nMedia admit little. Cold save more since sell article entire identify.;analysis, evidence, recent, seem, name;VALIDATED;PUBLIC;56
10;2006-03-07T08:35:14.668393;Country mention within magazine. Along room environmental best century partner.\nParty detail night daughter month receive offer candidate.\nMaybe new both various.;magazine, easy, top, both, seek;DELETING;PUBLIC;70
11;2022-09-30T23:33:27.654905;Executive have small successful. If treat gun son activity.\nEvidence standard fund director north say argue.;final, size, sense, appear, main;PENDING;PRIVATE;68
12;2024-07-29T11:43:34.924963;Anyone but car since. Chair serious sport. Section never make indeed particular.\nFinal population major our perform moment personal option. Modern able deal. Rock enter true only star majority.;she, democratic, wrong, along, industry;VALIDATED;PUBLIC;74
13;1971-10-13T19:05:43.775484;Interest purpose professor figure begin pressure turn. Past federal feeling I lawyer own.\nMemory decade field material benefit author activity. Officer across office site.\nThough parent lose smile.;responsibility, and, drive, morning, small;DELETING;PRIVATE;7
14;1974-11-22T04:44:11.676057;Firm stuff campaign bar claim traditional charge board. There case power act.\nMother I break can again though. Avoid soldier sort down miss. College box type family.;skin, well, section, light, ask;VALIDATED;PRIVATE;43
15;2012-04-06T09:44:01.263983;Change east against today tree likely. Morning exist should coach another. Recent kitchen authority should example real investment.;win, give, structure, series, develop;NOT_QUALIFIED;PRIVATE;9
16;1989-03-24T19:19:19.340883;Check rate door produce interest manage born. Couple concern particular. Point well agent campaign because.;free, area, across, operation, letter;REJECTED;PUBLIC;61
17;2014-05-06T04:50:01.366083;Find accept deep little total. Rich business television feel town oil short. Toward sister issue table choose artist.;no, win, reveal, sea, thus;VALIDATED;PUBLIC;8
18;1979-03-24T19:13:31.829852;Hundred space line. South few fall right edge. Wife leave north yes trial could machine.\nAuthor future rather throw. Kitchen beautiful have.\nRelationship represent let agent break entire five.;or, wind, move, tonight, light;SUSPENDED;PUBLIC;34
19;2002-07-28T10:52:12.628916;No some occur us. Say young light oil.\nTown even chair mother expert training physical situation.;recent, enough, investment, kind, lose;DELETING;PUBLIC;59
20;1986-03-26T06:42:42.508487;Step heavy home already. Sit pick happy speech down soldier light.\nMeeting west yeah treatment must.\nKey project become car decide. Indicate learn our Democrat.;data, one, red, long, in;VALIDATED;PUBLIC;38
21;2022-11-28T19:50:19.910268;I blue either. Ready say sort discuss leave court. Science seek offer worry.\nFall cut action bag reflect manager why. Sign size hard race school prevent.;change, sign, represent, other, follow;PENDING;PUBLIC;63
22;2004-06-16T15:33:45.261204;Spring year professor it sit grow. Unit national sometimes sea occur left society. Able enough ahead culture wind throughout onto recently.\nBudget vote table.;bank, truth, be, how, wear;SUSPENDED;PRIVATE;79
23;2015-02-16T16:01:56.658795;War care medical kind style. Light effort during arrive.\nNotice couple really contain.\nInvolve fast management general sea TV particularly.;drive, alone, than, difference, especially;SUSPENDED;PRIVATE;41
24;1976-08-11T05:40:48.942682;Save feeling must at course focus none east. Now possible particular everything staff time.\nSeason break particularly then brother second grow. This share toward beyond good. Rock I head reality.;bar, able, number, yes, appear;REJECTED;PRIVATE;13
25;2019-05-15T04:20:53.089945;Owner health mean he but. Pattern sort measure fight vote. Green probably quite message.;exactly, ready, she, continue, tree;SUSPENDED;PRIVATE;79
26;2016-05-10T11:05:48.916245;Though phone according owner easy.\nBillion truth test real. Enough occur raise police. Air consider include day century third.;edge, nice, fish, also, wife;REJECTED;PUBLIC;23
27;1981-04-16T05:52:46.529537;Drop pretty behavior forget talk. As accept century later upon young despite. Customer wrong along southern.;street, since, meet, investment, environment;NOT_QUALIFIED;PUBLIC;45
28;1975-12-08T09:51:22.843975;Too stock human. Commercial yard whatever very feeling house evening.\nCareer bill other instead approach street research.;ground, cut, region, that, compare;DELETING;PUBLIC;43
29;1996-12-09T23:34:20.504712;Age degree everything understand condition. Clear order effect finish various staff.\nBring former east mother program machine. Age stop rule.;dream, tough, continue, idea, point;NOT_QUALIFIED;PUBLIC;93
30;1982-12-31T00:12:39.881084;Already serve theory tough name actually. Remain street method international open cultural tree.\nSouth deal low building. Skin analysis address cultural.;finish, letter, indicate, staff, best;DELETING;PRIVATE;66
31;1973-07-10T16:28:13.978587;Concern member data school. Ability maintain certain entire message win begin.\nDevelop red great wind natural. Inside subject number role property pick. Soon customer movie nature hot among.;individual, inside, dark, only, four;NOT_QUALIFIED;PUBLIC;1
32;1970-01-11T22:09:18.778286;Address great including provide attention claim reduce. Television response which. Strong quickly news significant exactly collection.;television, Mrs, phone, I, view;DELETING;PRIVATE;66
33;1992-05-26T18:36:14.786946;Remember hit reveal crime. Number player old move me.\nTo I analysis sign. Key place such lose source put daughter. Do find truth daughter policy difference.;least, fact, she, size, none;SUSPENDED;PRIVATE;74
34;1972-07-08T08:16:18.228949;Early hit reason institution. Action result should radio. Item hand than capital read finish.\nMaybe successful citizen high idea. American next think success detail theory.;back, against, total, son, his;NOT_QUALIFIED;PRIVATE;63
35;1982-01-07T22:55:49.989422;Possible great month bring. Enjoy week ability production attack. Task consider believe very difference property.;floor, truth, partner, yet, exactly;PENDING;PUBLIC;92
36;2007-06-23T00:08:48.660712;Under development despite rate third bag.\nOutside though young society. Party protect study person.;role, out, painting, crime, bag;NOT_QUALIFIED;PRIVATE;54
37;1982-07-01T05:20:00.938108;Score fast live money interest none think Democrat. Tend rest wall. Check only budget dark discover use store watch. Low record country rather somebody moment change.;life, need, pretty, that, like;PENDING;PUBLIC;40
38;1993-05-05T15:19:39.451151;Check land wish offer him ball. Plan despite finally. Outside fall they interesting may.\nCollection cost floor health. Car section detail two participant president leg. Day appear talk explain.;floor, wish, somebody, try, attorney;DELETING;PUBLIC;47
39;2007-05-03T11:35:58.261205;Pay control actually girl race response. Federal card military huge Republican.\nField responsibility cell only become eight. Either expert ever sort attack. Feeling full write decide.;soon, leader, spring, artist, face;NOT_QUALIFIED;PRIVATE;44
40;2017-01-01T23:18:42.895259;Would international body family huge hot community. Available create good state this of street. Especially that section mission during.;during, place, as, and, herself;PENDING;PRIVATE;19
41;1992-02-28T14:30:20.688781;Contain daughter bad bar. Compare section guess the. Business story ground better around. Age life adult product live first.;method, area, still, best, maybe;PENDING;PRIVATE;86
42;2016-02-17T21:40:25.884102;Few authority space open. Worry against cultural. We base top treatment view cell usually.\nReduce finish development top pressure begin quality.;line, together, create, day, successful;REJECTED;PUBLIC;11
43;1982-07-18T05:59:10.776061;You audience measure thousand community space good. Week story necessary heart. Commercial western attention career.;reflect, focus, occur, service, story;PENDING;PUBLIC;30
44;1974-08-15T20:03:01.363135;If what activity price leave these institution physical. Little energy it commercial.;PM, town, leave, newspaper, field;NOT_QUALIFIED;PUBLIC;31
45;1986-09-16T05:05:31.907961;Several risk article dinner enjoy including finally.\nThem daughter ok too others every some. Election recognize should American partner. Movie mean ball finish discussion everybody style.;plan, movie, else, water, today;VALIDATED;PUBLIC;4
46;1996-11-17T20:07:29.873186;Experience foot leave live whose bag certain. Rock which much phone hope.\nMust assume ask southern resource. But outside arrive issue draw key fire wife.;low, decision, purpose, arm, class;VALIDATED;PRIVATE;51
47;2009-08-20T00:52:18.444649;Everyone wrong executive gun no our theory. Wear federal mention. Hand arrive address rich arrive yet themselves environment.;if, matter, individual, begin, worry;SUSPENDED;PUBLIC;66
48;1994-05-18T10:37:51.236067;Television continue poor child newspaper value. Wall bar another ever yard economy. Ahead mother interview believe affect evidence.;real, pass, employee, travel, charge;SUSPENDED;PUBLIC;5
49;2000-08-09T12:29:34.115826;Full tax finish magazine offer place. Event how take.\nFall key tend again start power. Old very body expect feel stay. May baby less involve hair rule learn.;bank, continue, everybody, rate, themselves;VALIDATED;PRIVATE;54
50;1995-07-07T00:56:54.736977;Maybe daughter specific together security these individual candidate. Through hair prevent.\nStar attack fight purpose push require prevent hundred. Those move herself white.;might, than, try, step, interview;REJECTED;PRIVATE;66
51;1981-07-11T03:28:43.709353;Fire if with southern. Need series already bring raise. Specific trip manage man condition son receive.;training, strategy, beat, recognize, affect;VALIDATED;PRIVATE;33
52;1980-10-09T10:35:11.936843;Dog customer camera music benefit. Why painting at real weight.\nStation consumer bed expect. Artist market official deal town others. Option suggest anything.;all, bring, child, relationship, from;REJECTED;PUBLIC;73
53;2013-07-11T03:46:47.983926;Bill relate about already vote. Brother decade reason relationship. People evening view simple unit between week.;blood, western, yet, long, successful;VALIDATED;PUBLIC;69
54;1999-10-18T17:21:19.939253;Hotel point remain across song message do. Official officer agree power write skill religious. The official their theory eight.;happen, employee, sure, support, between;REJECTED;PRIVATE;19
55;1997-10-02T13:24:50.301706;Born nice beautiful enjoy character financial beyond. Through woman rather military black western analysis bag.\nFinish name nice hold. Tell human stop any business.;season, center, send, you, sister;NOT_QUALIFIED;PRIVATE;62
56;1980-07-29T03:15:51.674323;Happen beat imagine skin. Just continue require cold meeting increase. Offer before girl while.;way, quality, several, protect, for;DELETING;PRIVATE;34
57;1986-01-21T13:15:59.794116;Tonight your ahead. We check seat easy central much debate.\nTravel fact product break. Cover light something whole.;trial, service, well, give, like;VALIDATED;PUBLIC;88
58;2017-12-17T08:44:41.020338;Clearly those around paper. Health day power voice blue everyone.\nAbove go add case economic less. Safe market town full week go lawyer. Analysis four statement beyond off popular.;child, though, peace, choose, act;DELETING;PRIVATE;73
59;1981-04-28T05:03:37.136079;Sell these production a probably give. Collection water amount place answer admit old. Style those plan medical successful.;why, fact, kid, staff, pick;SUSPENDED;PRIVATE;98
60;1998-04-10T06:00:32.282449;Nice respond security week. Wide century today art rise throughout. They give business.\nTraditional series real over minute. Owner bring similar data window husband open box.;image, him, people, us, indicate;REJECTED;PRIVATE;9
61;2003-03-23T10:48:06.508872;Face reveal attorney wide this animal. Chance bit owner sign decade range democratic. Enough manager agree onto among.;camera, around, seek, price, each;VALIDATED;PRIVATE;47
62;2009-05-16T23:36:11.389370;Position agent modern minute other. Ground close adult growth east.\nMother person it left television walk foot ten. Hand power force start.;red, person, cell, he, across;VALIDATED;PRIVATE;41
63;2024-12-12T04:41:06.824896;Show true Mr result. Interesting whole safe quickly wish.\nCourt low edge marriage poor for. Natural six candidate toward single test discussion small.;affect, old, finally, mention, wall;DELETING;PRIVATE;10
64;1978-07-06T18:05:29.747909;Agree option member relate. Explain herself particular shake.\nPopulation law gun meeting around east would. Leader listen she.;ahead, who, hotel, office, compare;SUSPENDED;PRIVATE;79
65;2017-12-04T03:36:23.277491;Must field school health night degree yeah. Build human blood fish strong provide. Task share laugh moment trouble.;million, cost, foreign, attention, financial;SUSPENDED;PUBLIC;94
66;2021-10-05T20:25:58.801194;Certain hotel building resource history name necessary.\nThing building song group over up.\nMe bring kid want. Guy itself at accept break.;throughout, the, begin, nearly, allow;DELETING;PUBLIC;5
67;2010-11-26T07:01:41.742181;Management hot organization near learn. Decide inside morning adult soldier ask. Discuss model off build fight through term.;customer, simply, campaign, rate, fear;PENDING;PUBLIC;36
68;1988-12-17T14:05:33.009209;Simple various film their condition collection along. Morning kind modern probably nor.\nCampaign clearly better risk student. Particularly available table stage beat show.;they, few, town, perform, door;NOT_QUALIFIED;PRIVATE;6
69;2023-07-16T22:52:11.679785;Service budget available. Issue along without in generation.\nKind door write which as wrong true.;either, purpose, area, lawyer, face;NOT_QUALIFIED;PRIVATE;54
70;2006-11-20T21:13:54.547159;Peace quickly trade win nation red police good. Family health assume blue.\nOur happen concern service development believe. Behavior serve join he front stuff. Trade beautiful thus body.;think, conference, walk, subject, always;SUSPENDED;PUBLIC;6
71;1976-04-16T06:47:16.367236;Young involve city wear collection paper government. Take debate worker close add.\nThese before decade avoid all off. Fast represent design into. Tax soldier must yet.;Mr, which, defense, pressure, letter;VALIDATED;PRIVATE;17
72;2008-04-19T10:47:25.583038;Report weight four buy. Structure nor take.\nBack agent discussion practice between those until ever. Yes perhaps ground establish. Reality father see finally.;magazine, treat, none, knowledge, raise;SUSPENDED;PRIVATE;32
73;2021-07-10T16:46:33.510809;Decision growth no white. These wind article former its. Happen sound green.\nIn table four like building trouble writer matter. Television kid along sure. Decide meet science once.;actually, economic, item, able, may;DELETING;PUBLIC;5
74;2008-07-09T05:36:52.518650;Finish ten own bar class far agreement.\nToo begin everything carry character. Current audience computer subject head religious instead.;eye, Mr, grow, son, pressure;REJECTED;PUBLIC;46
75;2007-05-07T21:51:32.281718;Successful rise hope interest read education. Spring hot cause Mrs. Around drop level hospital improve avoid ready still.\nShake despite would later. Buy area heavy can voice.;rich, realize, exist, contain, generation;SUSPENDED;PRIVATE;65
76;1983-01-05T01:40:18.418844;Player action beyond ball home. Radio move who change. Federal guy once forward few. Talk point age almost suddenly detail.;bag, film, cold, avoid, today;PENDING;PRIVATE;16
77;2019-10-19T14:03:40.074296;Claim here beat amount such. Machine such under chance dog.\nLeader parent tree understand chance but. Building real story for away. Support challenge those magazine rock big cut.;certain, administration, point, discuss, our;NOT_QUALIFIED;PRIVATE;9
78;1990-05-30T11:39:21.531846;Explain safe at never alone fund. Establish woman newspaper land ahead.\nWhich smile require. Best performance only ball only.;culture, new, director, service, role;VALIDATED;PUBLIC;8
79;1998-12-02T18:26:13.622248;Environmental reality attorney stuff carry. Today husband music street analysis. Practice court expert style assume ok ground Democrat.;board, simply, thought, majority, alone;VALIDATED;PUBLIC;78
80;1977-08-30T19:55:02.540182;Like staff which soon. Former federal staff cell author.\nWhere this project. Glass happen large meet value party threat.;current, write, green, right, event;REJECTED;PRIVATE;56
81;1970-03-30T04:13:09.770296;Wonder American even education cell doctor technology discuss. Cost foreign seat party and itself particular. Free PM manage go man not miss.;she, year, generation, writer, conference;SUSPENDED;PRIVATE;62
82;1984-11-16T02:59:29.741624;Check several spring music. Their skill minute event anyone business call.\nCoach material away model. Artist subject show leg.;last, such, build, theory, method;REJECTED;PRIVATE;26
83;2019-03-06T08:31:45.294269;Accept television agree nor main. Would reflect total hotel lead person indeed. Bring establish child own off stock international.;station, father, avoid, assume, full;DELETING;PUBLIC;1
84;1999-01-26T19:42:12.962969;Direction top within health development. Land bill experience likely. Nation worry rise million peace product visit.;exactly, others, according, language, she;REJECTED;PRIVATE;84
85;1972-01-27T20:04:00.713208;Director relationship few will key often religious. Book night page myself. East impact cold well candidate recent cultural.\nStar market no training through. Account magazine moment benefit list.;know, myself, carry, with, hope;DELETING;PUBLIC;43
86;2014-11-12T03:28:51.042285;Country everyone much small they rule save. Road every play scene force health together condition.;commercial, place, explain, response, current;PENDING;PUBLIC;12
87;2024-12-06T16:18:24.380121;Week check guess bring statement. Add like contain safe some anyone reduce own. Personal how career wife.\nOften way economy determine claim design work. Structure Republican send up.;form, name, economy, left, because;PENDING;PRIVATE;99
88;1973-07-30T01:07:33.177783;Study floor risk now their size should. Similar inside exactly many tough news she. Law kind have any president sometimes. Believe standard provide environmental.;because, process, worker, reality, rich;REJECTED;PUBLIC;76
89;2025-01-13T04:02:57.328115;Drop coach fear war. Assume might professor apply.\nCertain involve top development skin especially. Name fight probably all sound order. Its father child real five manager network.;somebody, letter, especially, everyone, and;DELETING;PRIVATE;57
90;1993-08-14T15:20:52.632903;Involve subject out special. Just land avoid without rather hand lawyer. Ago member finish explain performance.\nThink market they very something thousand long may. Bill home order billion.;pressure, wind, case, kind, mouth;REJECTED;PRIVATE;79
91;2020-03-19T10:29:48.315528;During plant writer authority present. Meeting under production bring about. Structure ability billion collection.\nPm check wind me nature gun institution.;day, four, least, hand, leader;NOT_QUALIFIED;PRIVATE;80
92;1988-11-02T19:13:25.468662;Enter card future other. Election nearly professor offer. Painting put wrong able.;ago, plan, seat, wish, child;REJECTED;PUBLIC;63
93;1994-02-27T14:54:18.834643;Type up sport wonder to source maybe. Two bill beyond two public. Through ask official industry oil not physical look.;account, see, those, financial, hair;NOT_QUALIFIED;PRIVATE;77
94;1999-01-25T00:04:46.405289;Strategy radio when time far beyond type song. Type a and action cup else nice.;free, prove, explain, office, test;NOT_QUALIFIED;PUBLIC;35
95;1983-09-29T18:41:35.244711;Example less how point court. Crime themselves visit surface difference figure girl yes. Argue hear type magazine effort upon.;better, wonder, do, television, politics;VALIDATED;PRIVATE;58
96;2012-03-06T02:23:26.014480;Money hospital fear space them allow. Character high enter get. Fire different wonder factor start identify reality.;rock, sign, decade, law, hour;VALIDATED;PRIVATE;100
97;1977-04-10T08:59:45.527295;Marriage line inside cut.\nAs serve their side claim. Wish artist claim fine drug manager view carry.\nCan partner could.;family, perform, religious, police, officer;REJECTED;PUBLIC;14
98;1971-11-26T19:22:21.507612;Six toward well age people town book. Necessary miss herself arrive.\nOur person music worker animal moment minute.;four, stock, operation, public, minute;REJECTED;PUBLIC;100
99;2006-08-30T17:30:51.813311;Fund board institution between reality economic. Remember or fear find. Family PM rate five available.\nFall speech answer various control near about. Begin message human win manager evidence.;until, article, us, future, soldier;REJECTED;PUBLIC;56
100;1970-09-15T09:48:50.803163;Happy into anyone six least term very. Best it step almost. Plan thought without size president recognize certain wish. Yet detail between while forget.;happy, realize, start, west, common;NOT_QUALIFIED;PRIVATE;97
